"","atc","ahl","mean","sd","conv_mean","conv_mean_comp","conv_sd","conv_sd_comp","c_B"
"1",0,0,205.828188674866,106.318637185211,411.778052240386,205.949863565519,150.735732666421,44.4170954812103,0.711636641908191
"2",0,0.000553655,216.495327473299,110.529715142225,422.329677024883,216.501488350016,154.33372041555,48.0150832303391,0.726139094862596
"3",0,0.000613067,221.37341091763,117.02834135954,427.285542689432,221.457354014565,158.502250820766,52.1836136355554,0.738470804890967
"4",0,0.000678856,215.102087587519,111.678439135083,420.279400727418,214.451212052552,154.202391474604,47.8837542893937,0.731225951482544
"5",0,0.000751703,219.572038434075,114.5244794731,424.899656636061,219.071467961195,156.784103110438,50.4654659252274,0.73608058941319
"6",0,0.000832368,227.271914695381,123.739028787132,432.815455013648,226.987266338781,162.223642190884,55.905005005673,0.744379183549392
"7",0,0.00092169,225.315817012586,119.035465275259,431.762358542424,225.934169867558,159.896216681778,53.5775794965677,0.740467200265325
"8",0,0.001020596,238.073950476409,140.072093148404,444.030179019351,238.201990344484,176.541885653337,70.2232484681261,0.763493483492856
"9",0,0.001130116,258.933859093512,170.382584979691,463.759626096025,257.931437421158,199.746160238495,93.4275230532847,0.781636437012532
"10",0,0.001251388,271.700322139051,200.106543913719,478.984837151671,273.156648476804,225.792890161954,119.474252976743,0.794944791324171
"11",0,0.001385674,304.017050368025,323.968315776291,510.759215338157,304.931026663291,341.698899800897,235.380262615687,0.807382340646619
"12",0,0.001534371,400.776582807984,663.949585378997,612.435707928112,406.607519253246,687.320999250189,581.002362064978,0.844307552620623
"13",0,0.001699024,497.137595597337,902.699055684109,699.749389797808,493.921201122941,877.765265033578,771.446627848368,0.85495939285224
"14",0,0.001881345,1904.22502255232,3051.71440329227,2092.31638417966,1886.4881955048,3002.46671225411,2896.1480750689,0.938013467286071
"15",0,0.002083232,3551.3160374761,4150.110041455,3732.09180716561,3526.26361849074,4139.99422804721,4033.675590862,0.970558121662041
"16",0,0.002306783,3821.55318474475,4155.54669437168,4046.40467947634,3840.57649080147,4168.81918105035,4062.50054386514,0.975948636284135
"17",0,0.002554323,6671.03995252321,5176.48780063328,6879.53550786437,6673.7073191895,5144.14589706445,5037.82725987924,0.993586471124916
"18",0,0.002828427,7862.69172875023,5570.11896340939,8051.60923013803,7845.78104146317,5595.26451892127,5488.94588173606,0.996273479506697
"19",0,0.003131945,9850.45626385615,5940.59481798766,10062.9642480717,9857.13605939681,5953.52014983463,5847.20151264942,0.998341943407408
"20",0,0.003468033,10887.6770697285,5831.16333627079,11067.6644889082,10861.8363002333,5843.85040289768,5737.53176571247,0.998495500164853
"21",0,0.003840187,12653.3167586819,7001.90382356208,12803.2812510465,12597.4530623717,6949.26116559775,6842.94252841254,0.997949807293411
"22",0,0.004252276,13342.9080211262,7113.72150909218,13562.8063044199,13356.978115745,7107.69227703821,7001.373639853,0.997784148692869
"23",0,0.004708587,13818.6846845936,7028.17237936829,14045.961415727,13840.1332270521,7048.8267773336,6942.50814014838,0.997858636093854
"24",0,0.01,14859.2194216558,7722.57518316807,15047.4784982147,14841.6503095399,7721.13273931655,7614.81410213133,0.998516280301867
"25",0,0.05,14944.9690313239,7566.29806722523,15112.9929894001,14907.1648007252,7513.45921140118,7407.14057421597,0.998674457482403
"26",0.066741993,0,205.409256590074,104.784901893416,410.796641943528,204.968453268661,148.650174330438,42.3315371452274,0.710739145767087
"27",0.066741993,0.000553655,207.918780193803,110.089633751591,421.984810960921,216.156622286055,153.059534183059,46.7408969978489,0.697296685422621
"28",0.066741993,0.000613067,206.125021344203,104.577797215734,426.019920054811,220.191731379945,156.799344410262,50.4807072250511,0.691290905652318
"29",0.066741993,0.000678856,208.738088193111,107.876991918167,419.190545293091,213.362356618225,152.542423746831,46.2237865616206,0.71029665181383
"30",0.066741993,0.000751703,214.615872414854,111.142735789932,424.149491683858,218.321303008991,154.894522555993,48.5758853707829,0.721209520496833
"31",0.066741993,0.000832368,212.435181592012,109.745814112585,432.225442290373,226.397253615506,162.240207410854,55.9215702256429,0.704048928667937
"32",0.066741993,0.00092169,216.176115872475,113.728142969145,429.937957017162,224.109768342296,159.027525817713,52.708888632502,0.71775197245215
"33",0.066741993,0.001020596,222.104868211463,135.33430346571,442.83970117306,237.011512498194,174.38337925703,68.0647420718196,0.718231085897383
"34",0.066741993,0.001130116,229.718198673673,141.490511325024,465.928138975199,260.099950300333,202.975910060951,96.6572728757406,0.715830970220401
"35",0.066741993,0.001251388,245.272245011501,159.398119743148,475.447312743389,269.619124068522,226.820471406612,120.501834221401,0.752805073545861
"36",0.066741993,0.001385674,284.511198280213,306.238533109718,508.185745789002,302.357557114136,341.942034706346,235.623397521135,0.775329567885389
"37",0.066741993,0.001534371,364.491092066174,576.396136281197,602.251637688443,396.423449013576,657.680297033477,551.361659848267,0.805429816991877
"38",0.066741993,0.001699024,429.002026605743,795.159198510028,703.521178825078,497.692990150212,918.29902120907,811.98038402386,0.819081760430144
"39",0.066741993,0.001881345,1752.71194655899,2778.96005708564,2128.94559343267,1923.11740475781,3101.14235044432,2994.8237132591,0.92468577804646
"40",0.066741993,0.002083232,1399.62746238702,2272.10958221904,3789.37059504427,3583.5424063694,4193.35871037149,4087.04007318628,0.849409552144968
"41",0.066741993,0.002306783,4375.96226089368,4351.92747061485,4032.33211424723,3826.50392557237,4164.01935521065,4057.70071802544,0.975379647598486
"42",0.066741993,0.002554323,5802.84556656183,4509.53259544132,6868.21234754307,6662.38415886821,5123.13564541854,5016.81700823333,0.986898018488347
"43",0.066741993,0.002828427,7488.16975152046,4786.77441700213,8113.22383251453,7907.39564383966,5616.60413583747,5510.28549865226,0.993709636191229
"44",0.066741993,0.003131945,9771.3983692842,5835.96932565916,10039.6125450746,9833.78435639976,5909.87753426314,5803.55889707793,0.998034109087428
"45",0.066741993,0.003468033,10225.2206095001,5312.99008724048,11064.881355375,10859.0531667001,5836.10581490766,5729.78717772245,0.994645483676577
"46",0.066741993,0.003840187,11243.4869725985,5914.77954951092,12885.9977849876,12680.1695963128,7044.93483576675,6938.61619858154,0.988483226359274
"47",0.066741993,0.004252276,12290.1955527086,6457.04033248039,13517.9655634118,13312.1373747369,7035.51608594084,6929.19744875563,0.992918627297477
"48",0.066741993,0.004708587,13107.2214293234,6690.66834908356,14017.8712536844,13812.0430650095,7003.55251599798,6897.23387881277,0.99330293064595
"49",0.066741993,0.01,14198.4182280115,7432.95992453005,15067.3132526069,14861.485063932,7724.4808203314,7618.16218314618,0.994803858089566
"50",0.066741993,0.05,14539.9796757186,7485.44251202141,15149.3137038423,14943.4855151674,7612.14449128199,7505.82585409678,0.996512875946584
"51",0.089089872,0,210.888813283806,104.664925538347,416.829803037567,211.001614362701,149.017441677783,42.6988044925724,0.712095329772198
"52",0.089089872,0.000553655,217.698555733415,112.133574657675,427.517380582907,221.68919190804,152.175290948355,45.8566537631446,0.716593984670994
"53",0.089089872,0.000613067,216.79316364224,109.66456984269,431.74358736048,225.915398685614,156.486765828878,50.1681286436674,0.708108612212011
"54",0.089089872,0.000678856,215.616742867086,113.96654832086,426.28412878071,220.455940105844,153.463386939754,47.1447497545439,0.719195679156957
"55",0.089089872,0.000751703,219.934140562729,116.662380395418,430.987583853544,225.159395178678,155.433045133501,49.1144079482903,0.724460370526931
"56",0.089089872,0.000832368,222.068223054663,115.167471198885,437.663185927034,231.834997252168,161.769316342427,55.4506791572161,0.720773603987877
"57",0.089089872,0.00092169,227.083235866697,123.067676605312,436.45000518748,230.621816512613,159.21488911735,52.8962519321395,0.733864196460014
"58",0.089089872,0.001020596,237.245382675781,136.502412166606,449.127215390265,243.299026715399,174.565621514593,68.2469843293828,0.750431042956033
"59",0.089089872,0.001130116,239.921125580843,146.589539920711,469.538012156197,263.709823481331,199.385328994637,93.0666918094267,0.733236039390786
"60",0.089089872,0.001251388,262.396960738822,183.526431587787,483.487711019774,277.659522344908,227.841646082014,121.523008896803,0.772682751617966
"61",0.089089872,0.001385674,317.628734213534,342.328748127191,516.553117691483,310.724929016617,343.339870370362,237.021233185151,0.809643849204025
"62",0.089089872,0.001534371,393.369093262347,551.316866852111,612.977288952299,407.149100277433,679.477059610364,573.158422425154,0.82686280898517
"63",0.089089872,0.001699024,519.141781550855,962.79909674225,715.651563568241,509.823374893375,935.617587154863,829.298949969652,0.844245488572015
"64",0.089089872,0.001881345,1631.41319427474,2617.97299633176,2099.9385448902,1894.11035621533,3030.98891162399,2924.67027443878,0.921913560012611
"65",0.089089872,0.002083232,2430.64307468224,3369.4270793212,3742.46584864949,3536.63765997463,4139.14624990843,4032.82761272322,0.937400949394167
"66",0.089089872,0.002306783,4178.96268168453,4351.04664802242,4047.16403601547,3841.3358473406,4206.65382480003,4100.33518761482,0.978149792032973
"67",0.089089872,0.002554323,6249.1218034408,5148.95648485821,6861.60310850368,6655.77491982881,5208.04035189443,5101.72171470922,0.992371144700715
"68",0.089089872,0.002828427,7993.34833374251,5585.84485633855,8063.03859697752,7857.21040830265,5602.56780224916,5496.24916506395,0.995860178094964
"69",0.089089872,0.003131945,9419.55160833582,5897.33614676405,10051.7897115185,9845.96152284365,5912.90772158822,5806.58908440301,0.995522134342154
"70",0.089089872,0.003468033,11439.784064029,6376.22943666597,11048.7621841411,10842.9339954662,5740.64812905175,5634.32949186654,0.996781547641312
"71",0.089089872,0.003840187,12848.9993699457,7241.09335268006,12901.9099355016,12696.0817468267,7080.39494878178,6974.07631159657,0.998507166737088
"72",0.089089872,0.004252276,13406.1399374069,7174.12843010715,13512.9491479553,13307.1209592804,7120.19983743127,7013.88120024606,0.997771122315052
"73",0.089089872,0.004708587,13926.5312827994,7349.21509449583,14033.4050247101,13827.5768360352,7037.46958411052,6931.15094692531,0.995971850414149
"74",0.089089872,0.01,14309.2249237902,7448.5421344054,15023.1269350598,14817.2987463849,7666.24638280737,7559.92774562216,0.996212582855122
"75",0.089089872,0.05,15248.6258473066,8104.49841340093,15164.5062001242,14958.6780114494,7682.57069950461,7576.2520623194,0.997786526440673
"76",0.118920712,0,204.923193340492,102.992402196151,410.286880990248,204.458692315382,148.367275653017,42.0486384678062,0.707127253935847
"77",0.118920712,0.000553655,214.594499452574,110.237721199375,421.004282912829,215.176094237962,151.144034308273,44.8253971230624,0.719836974159941
"78",0.118920712,0.000613067,220.96193426087,112.08362066169,426.820575892529,220.992387217662,156.788514322266,50.4698771370555,0.734694832041901
"79",0.118920712,0.000678856,218.404460570345,111.205434251532,420.23337536646,214.405186691593,152.131930078144,45.8132928929332,0.73653658185108
"80",0.118920712,0.000751703,222.779606363956,116.963735903417,424.065166569534,218.236977894668,154.045710820621,47.7270736354099,0.743910608439454
"81",0.118920712,0.000832368,222.804442048769,117.114893536749,432.109042273663,226.280853598797,160.338823295174,54.0201861099637,0.732056691980657
"82",0.118920712,0.00092169,227.110293688358,124.682007791226,430.364473898314,224.536285223447,157.700550411009,51.3819132257982,0.74655775408128
"83",0.118920712,0.001020596,240.430749348615,135.930309564251,443.107321801649,237.279133126782,172.786774431723,66.4681372465121,0.768687315224859
"84",0.118920712,0.001130116,249.671136346658,161.035975998685,465.111946123832,259.283757448966,202.67538640642,96.3567492212096,0.762652867271676
"85",0.118920712,0.001251388,260.876722213227,176.120314514876,476.66536911849,270.837180443624,229.165784458984,122.847147273774,0.781683268950847
"86",0.118920712,0.001385674,300.906520031251,301.805849939522,508.985776384702,303.157587709836,339.873569016711,233.5549318315,0.805306531143591
"87",0.118920712,0.001534371,363.055226061759,504.758704182142,607.330947340033,401.502758665166,687.211973690902,580.893336505691,0.817069448327418
"88",0.118920712,0.001699024,511.469204321759,1007.11878357204,691.526495855646,485.69830718078,864.685353900203,758.366716714993,0.848196270828678
"89",0.118920712,0.001881345,1176.97902655791,2197.14929330934,2108.45959303358,1902.63140435872,3069.31145144472,2962.99281425951,0.894837436842528
"90",0.118920712,0.002083232,1856.22250974761,2878.27531781034,3759.67993585926,3553.85174718439,4191.80231808009,4085.48368089488,0.899027891603964
"91",0.118920712,0.002306783,3202.75960752681,3724.38375746622,4019.14822187242,3813.32003319755,4159.93340087694,4053.61476369173,0.959441211060843
"92",0.118920712,0.002554323,5315.32002884085,4821.23836155873,6846.72547797827,6640.89728930341,5183.39599766706,5077.07736048185,0.974070298543374
"93",0.118920712,0.002828427,7171.15554989974,5365.93918903096,8061.24197354007,7855.4137848652,5558.02640108958,5451.70776390437,0.98859711912941
"94",0.118920712,0.003131945,9484.00509015311,5961.34428273201,10057.3639316188,9851.53574294396,5911.48423744372,5805.16560025851,0.996375295459006
"95",0.118920712,0.003468033,10132.2658273583,5408.29921702227,11085.4356282521,10879.6074395772,5799.66498907994,5693.34635189473,0.993390300308467
"96",0.118920712,0.003840187,11500.8860547108,6145.68954212047,12901.3137600098,12695.4855713349,7028.59630016156,6922.27766297635,0.991081532647865
"97",0.118920712,0.004252276,12949.0394326726,6913.59855727252,13538.9602465813,13333.1320579065,7073.27637278082,6966.95773559561,0.996073148614454
"98",0.118920712,0.004708587,13667.5861786491,7094.24461881679,14028.5057479988,13822.6775593239,7113.12824353465,7006.80960634944,0.996072812792229
"99",0.118920712,0.01,14263.4081463693,7152.58320103494,15032.0350191309,14826.206830456,7672.04503095625,7565.72639377104,0.996119091748745
"100",0.118920712,0.05,15088.3164711769,7605.37644391805,15123.2841185896,14917.4559299147,7569.49050882435,7463.17187163914,0.997490086967081
"101",0.158740105,0,206.545882318549,105.108534817756,412.587990234834,206.759801559968,150.324959686148,44.0063225009373,0.713543402202067
"102",0.158740105,0.000553655,210.264816784852,106.897815234937,424.302386420287,218.474197745421,152.595627298333,46.276990113122,0.701104207174126
"103",0.158740105,0.000613067,209.267823895683,109.265541654934,428.156688459252,222.328499784386,157.680442967861,51.3618057826504,0.701124346373398
"104",0.158740105,0.000678856,208.932062692188,106.592877784514,421.517601909127,215.68941323426,153.009404154751,46.6907669695402,0.705943092602398
"105",0.158740105,0.000751703,212.947683707181,110.680183786799,427.446135094383,221.617946419516,155.857214920974,49.5385777357635,0.712029917123924
"106",0.158740105,0.000832368,217.190105744937,113.974900173763,434.260537650462,228.432348975595,162.497747818324,56.179110633113,0.717642874642669
"107",0.158740105,0.00092169,217.204485698144,114.247774501046,432.302258032104,226.474069357237,158.231190268941,51.9125530837303,0.714723874466672
"108",0.158740105,0.001020596,233.551265890749,151.644915800192,445.913353849975,240.085165175108,175.033581761583,68.7149445763729,0.740616468810548
"109",0.158740105,0.001130116,244.417975056906,163.755155549045,465.242247744756,259.41405906989,200.875491864124,94.5568546789132,0.746811611016644
"110",0.158740105,0.001251388,285.624862760452,276.625869043104,480.388563529236,274.56037485437,229.334440736035,123.015803550825,0.791896657497163
"111",0.158740105,0.001385674,270.391606627028,234.541802589838,510.898222834387,305.07003415952,346.596212405462,240.277575220252,0.771022360033682
"112",0.158740105,0.001534371,453.586426386669,866.143769901363,607.391704357887,401.563515683021,666.832265806023,560.513628620812,0.834198334178436
"113",0.158740105,0.001699024,531.889504875157,1011.54549771874,706.902309745626,501.074121070759,912.672348887977,806.353711702767,0.839519594882273
"114",0.158740105,0.001881345,2386.29783899807,3341.36394893212,2097.56900859651,1891.74081992164,3017.96133655858,2911.64269937337,0.941881410845597
"115",0.158740105,0.002083232,3072.39651890934,3786.33238601369,3748.20946163496,3542.3812729601,4136.66545015092,4030.34681296571,0.960023238846654
"116",0.158740105,0.002306783,5158.82949577744,4735.99993292938,4010.20814182507,3804.3799531502,4107.08493919289,4000.76630200768,0.971620255685206
"117",0.158740105,0.002554323,5956.8870132426,4763.08608926079,6844.9531078451,6639.12491917023,5142.38480026555,5036.06616308034,0.990753251640863
"118",0.158740105,0.002828427,8595.18277204172,5549.91541529734,8092.8061646797,7886.97797600483,5577.94087968026,5471.62224249505,0.99436422353844
"119",0.158740105,0.003131945,9900.51211895014,5953.93712677591,10048.4639255004,9842.63573682549,5929.97623242706,5823.65759524185,0.998659255931033
"120",0.158740105,0.003468033,10741.9164886571,6076.83604977668,11078.9355529748,10873.1073642999,5819.38695081883,5713.06831363362,0.997029455800998
"121",0.158740105,0.003840187,12850.2505797557,6928.23268964772,12831.2859095076,12625.4577208328,6942.98726270634,6836.66862552113,0.998675506790367
"122",0.158740105,0.004252276,13309.9876094853,6973.62433010559,13525.9169038141,13320.0887151392,7114.75445676279,7008.43581957758,0.997914515490305
"123",0.158740105,0.004708587,14484.0216030154,7515.1506025689,14016.2135077536,13810.3853190788,7013.11543861762,6906.79680143241,0.996331984822355
"124",0.158740105,0.01,15377.2805998331,8012.92413909008,15078.2393032668,14872.4111145919,7792.5073939195,7686.18875673429,0.998061352546062
"125",0.158740105,0.05,15061.9164201488,7636.51670402474,15092.2539729667,14886.4257842918,7472.01625189302,7365.69761470781,0.997703613468146
"126",0.211892619,0,209.106880835439,106.045364656507,415.423074886839,209.594886211972,150.683579827744,44.3649426425329,0.715440267995074
"127",0.211892619,0.000553655,218.977829927084,114.721323323408,425.437907416658,219.609718741791,154.109858778048,47.791221592837,0.729114038979875
"128",0.211892619,0.000613067,217.498303515567,111.681231827619,430.165158981308,224.336970306442,158.366539473067,52.0479022878562,0.71904597300728
"129",0.211892619,0.000678856,218.433179033318,111.378021542553,424.369405268721,218.541216593854,154.627310278154,48.3086730929431,0.73085868929223
"130",0.211892619,0.000751703,239.105814260065,604.782844750171,428.197240037723,222.369051362856,156.218189300247,49.899552115036,0.726666601380502
"131",0.211892619,0.000832368,223.25533855198,120.054887655906,436.813179975148,230.984991300282,163.740554321786,57.4219171365751,0.729130161937568
"132",0.211892619,0.00092169,225.625179298417,121.865932522032,435.379403303553,229.551214628687,160.132284114796,53.8136469295851,0.731237126863492
"133",0.211892619,0.001020596,236.040236818696,136.889504417689,447.228550802265,241.400362127399,176.290526751128,69.971889565917,0.750376447941147
"134",0.211892619,0.001130116,243.456570125756,149.286472290056,468.400826468029,262.572637793162,201.889671403969,95.5710342187584,0.749688468870779
"135",0.211892619,0.001251388,268.598683469623,239.228308113057,481.481824492897,275.653635818031,229.745414158116,123.426776972906,0.781827961350059
"136",0.211892619,0.001385674,303.797969804721,385.048375119909,513.745484539153,307.917295864287,340.643169259266,234.324532074055,0.797850864814785
"137",0.211892619,0.001534371,371.229356715387,530.399536721898,609.291058817294,403.462870142427,674.75474288298,568.436105697769,0.82861408246797
"138",0.211892619,0.001699024,486.371020436021,858.288708271246,720.910320847239,515.082132172372,972.083839877857,865.765202692646,0.847423161257805
"139",0.211892619,0.001881345,1224.6175289958,2155.34973791367,2092.1739693207,1886.34578064583,3012.77981949833,2906.46118231312,0.903161069260824
"140",0.211892619,0.002083232,1921.23402650095,2904.11154661158,3762.40456867028,3556.57637999541,4184.95495183966,4078.63631465445,0.907395602927006
"141",0.211892619,0.002306783,3533.23478091278,3975.38281883654,4031.47544296724,3825.64725429238,4186.98244114875,4080.66380396354,0.973888340045349
"142",0.211892619,0.002554323,5630.79504749488,4805.25252678469,6872.95002957714,6667.12184090227,5199.1371517322,5092.81851454699,0.983827617496711
"143",0.211892619,0.002828427,7703.28845763609,5200.32786398797,8069.78245407392,7863.95426539905,5570.62507940535,5464.30644222014,0.995639840048573
"144",0.211892619,0.003131945,9713.93288064654,5793.4082249993,10041.191317389,9835.36312871418,5902.92736346164,5796.60872627643,0.998346057079191
"145",0.211892619,0.003468033,10934.1763115895,6127.57923783896,11077.6772501275,10871.8490614526,5775.00684616366,5668.68820897845,0.996227853318529
"146",0.211892619,0.003840187,11547.3118884266,6389.92024614464,12881.3495479575,12675.5213592826,7028.69231094354,6922.37367375833,0.991104637242413
"147",0.211892619,0.004252276,13072.6180776427,6897.09690623987,13521.9143064094,13316.0861177345,7112.62544703867,7006.30680985346,0.996468520892877
"148",0.211892619,0.004708587,13314.7245538622,6837.86616080458,14032.2762177464,13826.4480290715,7049.73231668094,6943.41367949573,0.994577953631215
"149",0.211892619,0.01,14232.6741883625,7393.7969204252,15079.5151820753,14873.6869934004,7718.96352790874,7612.64489072353,0.994366019685862
"150",0.211892619,0.05,14967.8434449143,7656.30894693168,15139.9761717329,14934.1479830581,7555.57463465109,7449.25599746588,0.997910484273275
"151",0.282842712,0,206.801944338916,105.9658877593,413.952862646144,208.124673971277,149.775602282259,43.4569650970482,0.710318797551212
"152",0.282842712,0.000553655,212.079835485862,108.046028072504,422.455647905748,216.627459230881,153.027650131931,46.7090129467205,0.709573992864772
"153",0.282842712,0.000613067,216.828568469941,113.220623318132,429.293592127095,223.465403452229,158.353055180781,52.03441799557,0.722085299575079
"154",0.282842712,0.000678856,218.558481399736,113.788700753111,421.895891675533,216.067703000667,153.804761810124,47.4861246249138,0.735324250740359
"155",0.282842712,0.000751703,220.810233799743,117.15847679827,427.039752201326,221.21156352646,156.794527933956,50.475890748745,0.736951589041388
"156",0.282842712,0.000832368,223.910674451125,118.346101566075,434.277120960348,228.448932285481,163.374619159325,57.0559819741147,0.73541177807179
"157",0.282842712,0.00092169,224.723169769541,121.729384363407,431.166448188332,225.338259513465,158.769415180291,52.4507779950807,0.739096154980339
"158",0.282842712,0.001020596,237.114664211597,134.131211847875,445.550007304426,239.72181862956,176.188044421934,69.8694072367229,0.756860625301562
"159",0.282842712,0.001130116,232.663184538938,128.630052338719,466.027336223149,260.199147548282,201.350599700482,95.0319625152718,0.730630510890845
"160",0.282842712,0.001251388,258.794555155897,169.3159679489,480.175140588707,274.346951913841,230.947377328883,124.628740143673,0.777943466892511
"161",0.282842712,0.001385674,306.156021571197,275.880649905525,511.525208928421,305.697020253555,339.727265518037,233.408628332827,0.816337998521012
"162",0.282842712,0.001534371,386.898834043226,565.353643724614,612.842196522501,407.014007847635,680.392728469805,574.074091284594,0.835504841136818
"163",0.282842712,0.001699024,524.00133005576,975.77138405843,706.220143900185,500.391955225318,918.176048629471,811.85741144426,0.857611850885246
"164",0.282842712,0.001881345,1091.63261060774,1881.94236452259,2092.983830226,1887.15564155113,3026.68513422727,2920.36649704206,0.892780736975674
"165",0.282842712,0.002083232,1919.10649863189,2959.59155474848,3749.22568215498,3543.39749348012,4137.58896303526,4031.27032585005,0.905195753692025
"166",0.282842712,0.002306783,3193.61721423299,3841.13413781091,4004.85633403337,3799.0281453585,4127.84262626626,4021.52398908105,0.964454533581467
"167",0.282842712,0.002554323,5623.2989715195,4877.9000781159,6905.05418648742,6699.22599781255,5242.35010618616,5136.03146900095,0.983321176076893
"168",0.282842712,0.002828427,7442.02532553648,5282.94263233465,8091.9309641566,7886.10277548173,5583.30904899149,5476.99041180628,0.993226375100063
"169",0.282842712,0.003131945,9583.47323115586,5870.41918121955,10040.9528619592,9835.12467328429,5956.12893193233,5849.81029474712,0.99746903877107
"170",0.282842712,0.003468033,11100.8718753165,6114.99194791552,11126.0920583399,10920.2638696651,5862.62616114316,5756.30752395795,0.997587599723268
"171",0.282842712,0.003840187,11896.2983105529,6342.52289146192,12911.6438174799,12705.815628805,7041.24949909224,6934.93086190703,0.995316120647497
"172",0.282842712,0.004252276,12724.3517971336,6530.08695717318,13544.8139193444,13338.9857306695,7121.92203046761,7015.6033932824,0.996028091207909
"173",0.282842712,0.004708587,13761.0806925017,7304.9796614044,14060.7328463792,13854.9046577043,7048.66021983782,6942.34158265261,0.995813108240121
"174",0.282842712,0.01,14714.1798751481,7896.65672012048,15084.1292068251,14878.3010181502,7724.42143225406,7618.10279506885,0.997216917984696
"175",0.282842712,0.05,14942.3944340902,7396.05747835716,15144.3808149821,14938.5526263073,7536.43856929477,7430.11993210956,0.997230639688809
"176",0.377549725,0,211.394597977896,106.358378038533,417.810375252439,211.982186577572,150.823375169482,44.5047379842717,0.716921297793187
"177",0.377549725,0.000553655,216.151599667207,109.592905537525,428.640543975873,222.812355301007,153.566538173176,47.2479009879651,0.710312537503208
"178",0.377549725,0.000613067,219.094720790392,112.184855241215,433.221468579805,227.393279904939,158.901817668861,52.5831804836504,0.718719409263005
"179",0.377549725,0.000678856,218.030885316566,110.242133240956,426.819661150274,220.991472475408,154.16709094915,47.8484537639392,0.722136080761643
"180",0.377549725,0.000751703,221.219122278839,114.458974116848,431.788779442247,225.960590767381,156.64027230567,50.3216351204599,0.726501525356255
"181",0.377549725,0.000832368,226.302446903971,118.89486973015,438.078255290842,232.250066615975,162.729037892008,56.4104007067977,0.733240342145214
"182",0.377549725,0.00092169,229.160144057876,119.673721712736,436.149531254562,230.321342579696,159.724101054704,53.4054638694936,0.742718633913066
"183",0.377549725,0.001020596,237.498136556564,133.598390486742,450.317199396394,244.489010721527,176.828095983327,70.5094587981163,0.749282787157303
"184",0.377549725,0.001130116,252.714892070003,176.129758821867,470.630474707618,264.802286032752,202.155815341167,95.8371781559564,0.7545771047637
"185",0.377549725,0.001251388,267.860738084205,195.712103377574,481.575945999791,275.747757324924,224.457736211614,118.139099026404,0.780898871835374
"186",0.377549725,0.001385674,303.265423062036,296.066135844976,516.476348521783,310.648159846916,345.195413982377,238.876776797166,0.80453952918461
"187",0.377549725,0.001534371,374.478936497985,631.568929796085,607.170833062069,401.342644387203,657.760761686678,551.442124501468,0.809883549656321
"188",0.377549725,0.001699024,582.411672884449,1156.47806609928,702.559496568979,496.731307894113,888.286467930692,781.967830745482,0.857671780144559
"189",0.377549725,0.001881345,1607.13828415809,2505.40496544634,2117.7055223071,1911.87733363224,3055.43415255305,2949.11551536784,0.927770169436554
"190",0.377549725,0.002083232,1794.5952555863,2744.70960319213,3736.56580382599,3530.73761515113,4095.75602270606,3989.43738552085,0.891932512997049
"191",0.377549725,0.002306783,4066.49129003707,4188.56678628701,4023.48820063429,3817.66001195942,4149.49779662267,4043.17915943746,0.979005000706709
"192",0.377549725,0.002554323,6107.61937561057,4841.83244269136,6886.68162012754,6680.85343145267,5167.40094258392,5061.08230539871,0.99148549540317
"193",0.377549725,0.002828427,7567.90240842459,5100.48367437718,8104.52823674848,7898.70004807361,5604.11495404101,5497.7963168558,0.996111523550489
"194",0.377549725,0.003131945,9370.48393679546,5656.82354096258,10025.4662519666,9819.63806329168,5913.17985345275,5806.86121626754,0.9965640378858
"195",0.377549725,0.003468033,11534.4206806889,6556.06323570858,11051.2880056328,10845.4598169579,5785.29020580639,5678.97156862118,0.995277129321446
"196",0.377549725,0.003840187,11476.3900304739,6396.6239584075,12853.9120302539,12648.083841579,6992.46884349937,6886.15020631416,0.990292112683475
"197",0.377549725,0.004252276,12901.0593547779,6757.19618357086,13495.9387498294,13290.1105611545,7135.11826265137,7028.79962546616,0.995746932708703
"198",0.377549725,0.004708587,13544.7114654906,7166.00950088515,14038.9298116533,13833.1016229785,6946.92308917744,6840.60445199223,0.995227020018481
"199",0.377549725,0.01,14274.5105656873,7322.34296480774,15100.5282999574,14894.7001112825,7721.87603779651,7615.5574006113,0.996059801722236
"200",0.377549725,0.05,14553.3021048151,7156.89484527322,15152.4734522287,14946.6452635539,7656.76642513849,7550.44778795328,0.996682338439807
"201",0.50396842,0,220.776608131057,108.425097446047,425.793128255106,219.96493958024,151.619688016501,45.3010508312906,0.726241723725154
"202",0.50396842,0.000553655,224.270914566318,112.874055787446,437.272721455607,231.444532780741,155.084660279271,48.7660230940606,0.718147964617609
"203",0.50396842,0.000613067,227.593057705622,115.211289569387,442.256471171735,236.428282496869,160.188956739516,53.8703195543054,0.722104731607875
"204",0.50396842,0.000678856,227.684927386049,114.111797652435,434.898366407294,229.070177732428,154.923402971393,48.6047657861828,0.735281437691995
"205",0.50396842,0.000751703,227.314138259899,117.768405161456,439.56602636193,233.737837687063,158.060684594345,51.7420474091342,0.730112310100056
"206",0.50396842,0.000832368,232.791733234003,119.275546536356,447.81338068667,241.985192011804,164.215317676822,57.8966804916119,0.731859647082419
"207",0.50396842,0.00092169,236.315386655548,119.801051073084,445.51557978373,239.687391108863,159.405360055657,53.0867228704463,0.739404954446775
"208",0.50396842,0.001020596,247.026962998864,137.997048347649,457.349577175333,251.521388500466,176.415711901876,70.0970747166657,0.759693412437938
"209",0.50396842,0.001130116,266.914093453424,172.227530387838,480.808183094143,274.979994419277,205.737649643032,99.419012457821,0.774907354597231
"210",0.50396842,0.001251388,288.951346446812,209.940658082168,490.654892108112,284.826703433246,224.018380163551,117.699742978341,0.804556791162698
"211",0.50396842,0.001385674,322.100001875167,314.739084163027,525.124768684948,319.296580010081,343.049677466597,236.731040281387,0.819527229465576
"212",0.50396842,0.001534371,424.885417279931,622.19462064833,624.673973481386,418.84578480652,674.374134147962,568.055496962751,0.851737103956674
"213",0.50396842,0.001699024,515.301991412166,933.9981981462,719.92431360497,514.096124930104,915.739092113603,809.420454928392,0.854758760279922
"214",0.50396842,0.001881345,1300.56291469069,2187.61310369164,2113.09942926929,1907.27124059443,3021.24855317626,2914.92991599105,0.912211764129124
"215",0.50396842,0.002083232,2270.36723961692,3076.6530791099,3780.15824001812,3574.33005134325,4167.01813600065,4060.69949881544,0.933470175257051
"216",0.50396842,0.002306783,4195.97194129777,4277.83534805962,4006.36509613297,3800.5369074581,4106.57897002814,4000.26033284293,0.982079684477308
"217",0.50396842,0.002554323,6298.98222834743,4896.88001353707,6900.11156546062,6694.28337678575,5201.40504744005,5095.08641025484,0.993967400035996
"218",0.50396842,0.002828427,7712.77683626484,5482.05570605196,8095.50300824551,7889.67481957064,5610.22753620592,5503.90889902071,0.996409950960878
"219",0.50396842,0.003131945,9633.53897870894,6087.35291966681,10095.3349620985,9889.50677342361,5930.96889107696,5824.65025389175,0.997182395070451
"220",0.50396842,0.003468033,11359.847846608,6237.72294477838,11085.8156180949,10879.98742942,5814.47351887083,5708.15488168562,0.997266251899684
"221",0.50396842,0.003840187,11902.1443452246,6646.97194371479,12866.7710022008,12660.9428135259,7036.96398974998,6930.64535256477,0.994254756683978
"222",0.50396842,0.004252276,13280.9992074319,7062.61390372382,13575.4085523347,13369.5803636598,7115.40878757498,7009.09015038977,0.996567524373395
"223",0.50396842,0.004708587,14221.0024697757,7524.05234423908,14027.8389487505,13822.0107600756,7046.39015468842,6940.07151750321,0.996943871116428
"224",0.50396842,0.01,15205.8391857622,7917.9244764883,15135.316389219,14929.4882005442,7760.32041445396,7654.00177726875,0.997986269876274
"225",0.50396842,0.05,15747.8801709508,8044.82894995303,15200.5872807384,14994.7590920635,7568.04430691396,7461.72566972874,0.997295723267191
"226",0.672717132,0,222.451351681131,109.647411960038,427.049137168716,221.22094849385,151.375286379384,45.0566491941737,0.728143604826947
"227",0.672717132,0.000553655,230.647323947124,111.363151487256,440.267742464157,234.43955378929,156.069624900085,49.7509877148748,0.728285116109192
"228",0.672717132,0.000613067,231.954784931293,117.711185476033,444.242488426533,238.414299751667,160.535179428665,54.2165422434542,0.735256231114046
"229",0.672717132,0.000678856,235.205027724303,118.886344086319,437.471073568345,231.642884893478,156.858268597502,50.5396314122917,0.754232519206811
"230",0.672717132,0.000751703,238.728225583629,121.324348223298,441.092140025296,235.26395135043,157.865872885794,51.5472357005833,0.756509093323804
"231",0.672717132,0.000832368,241.405781931371,126.609413947271,449.273929800259,243.445741125392,164.38132054231,58.0626833570999,0.7532673184034
"232",0.672717132,0.00092169,240.156769741168,121.077359819505,447.187251980823,241.359063305957,161.430487758567,55.1118505733569,0.749493651199667
"233",0.672717132,0.001020596,254.714339850003,143.017126804155,460.500280646918,254.672091972052,178.619697769498,72.3010605842877,0.771933120668485
"234",0.672717132,0.001130116,265.33688703414,156.493343601639,480.57532197681,274.747133301944,200.962591851861,94.6439546666505,0.776072359142231
"235",0.672717132,0.001251388,288.861216261843,197.282148513769,493.686159864314,287.857971189448,228.037279603854,121.718642418644,0.809020710761178
"236",0.672717132,0.001385674,349.409509879618,452.279492165273,525.78349163727,319.955302962404,336.790129215702,230.471492030492,0.837107623513218
"237",0.672717132,0.001534371,426.175899306717,664.789463746113,621.506207135794,415.678018460928,675.310353515847,568.991716330636,0.860701637217704
"238",0.672717132,0.001699024,419.03245685703,592.691904664941,726.48077841297,520.652589738104,922.684454962012,816.365817776801,0.845015532353313
"239",0.672717132,0.001881345,1740.9349308309,2735.49168430421,2097.41528761055,1891.58709893568,3013.6055250966,2907.28688791139,0.936060055305057
"240",0.672717132,0.002083232,992.19026858571,1902.85531814091,3757.55609481763,3551.72790614276,4116.87808412707,4010.55944694185,0.785230076527899
"241",0.672717132,0.002306783,3697.0673234615,4026.57819361776,4037.32080226506,3831.4926135902,4157.96213205215,4051.64349486694,0.976508321081922
"242",0.672717132,0.002554323,6217.43945963377,4860.52387942544,6864.9371960478,6659.10900737293,5215.5651554492,5109.24651826399,0.993808152530989
"243",0.672717132,0.002828427,7518.45926169011,5365.26281453839,8094.01310413578,7888.18491546091,5612.48101011386,5506.16237292865,0.993870275588482
"244",0.672717132,0.003131945,9664.95581104354,5930.21604405355,10058.5866751941,9852.75848651921,5955.96438127825,5849.64574409304,0.997243914438508
"245",0.672717132,0.003468033,11484.3688653733,6284.48520625232,11142.6816085821,10936.8534199072,5853.70249146983,5747.38385428462,0.997952327081449
"246",0.672717132,0.003840187,7744.32032831802,5424.76728360818,12871.9503849275,12666.1221962527,7037.7614524743,6931.44281528909,0.86864877643376
"247",0.672717132,0.004252276,13126.0392963599,6906.04546629903,13556.665567521,13350.8373788461,7172.0292172608,7065.71058007559,0.996803942937634
"248",0.672717132,0.004708587,14507.6399909084,7750.40264558875,14061.9483654244,13856.1201767496,7052.83990557399,6946.52126838878,0.995787456436921
"249",0.672717132,0.01,15225.0280700059,7973.54681422384,15063.844841558,14858.0166528832,7702.20295490344,7595.88431771823,0.997837680421767
"250",0.672717132,0.05,15618.6387061637,7855.25124210005,15128.0020224815,14922.1738338066,7554.13984274411,7447.8212055589,0.997786651220607
"251",0.897969639,0,250.266163904356,158.103231667592,456.443937729021,250.615749054154,191.818397199557,85.4997600143462,0.754824310757421
"252",0.897969639,0.000553655,254.655391458457,128.059739810044,467.013421213271,261.185232538405,194.577622191534,88.2589850063236,0.754853444216004
"253",0.897969639,0.000613067,252.444758734536,123.775608719176,471.94939481351,266.121206138644,198.51441234825,92.1957751630391,0.744388255833263
"254",0.897969639,0.000678856,258.271158435094,127.869068286063,465.689779402093,259.861590727226,194.236482404938,87.9178452197274,0.767948047724628
"255",0.897969639,0.000751703,255.954309782623,128.900343804676,469.524624636376,263.696435961509,196.205817145259,89.8871799600482,0.756667032958977
"256",0.897969639,0.000832368,261.393159396375,132.20500760087,478.82513310413,272.996944429264,203.066172958531,96.7475357733203,0.760147440112705
"257",0.897969639,0.00092169,267.066735040298,143.562363069225,476.732947088283,270.904758413417,199.210469444437,92.8918322592262,0.768363459667189
"258",0.897969639,0.001020596,273.196592255824,160.00469091933,489.538096638344,283.709907963478,214.556241735473,108.237604550262,0.772338236301817
"259",0.897969639,0.001130116,281.355042526764,174.157827757003,511.080464444401,305.252275769534,235.38322604223,129.06458885702,0.767512863089644
"260",0.897969639,0.001251388,301.95558184625,234.066186909731,523.44363920711,317.615450532243,256.035581623268,149.716944438058,0.793312182821143
"261",0.897969639,0.001385674,336.361350246202,338.272632437292,557.893200551131,352.065011876264,376.756007099687,270.437369914476,0.81619163991302
"262",0.897969639,0.001534371,422.418194769124,606.50349019857,655.988624220672,450.160435545806,719.672868018651,613.354230833441,0.835188356488037
"263",0.897969639,0.001699024,563.59638690224,1012.70994535652,746.656759222685,540.828570547818,911.334753909495,805.016116724284,0.865980246330843
"264",0.897969639,0.001881345,1562.7741859973,2604.94749188048,2158.91396691613,1953.08577824127,3067.80785133251,2961.4892141473,0.926382441787582
"265",0.897969639,0.002083232,2534.58619810796,3374.03749701819,3823.26220902988,3617.43402035501,4175.24551785159,4068.92688066638,0.945729576159622
"266",0.897969639,0.002306783,3944.84688649082,4098.86312840078,4066.85615267794,3861.02796400307,4104.4634086758,3998.14477149059,0.978377343339653
"267",0.897969639,0.002554323,6403.51506105365,4855.4585691543,6931.58581677779,6725.75762810293,5176.31917775217,5070.00054056696,0.994313789142228
"268",0.897969639,0.002828427,7961.61182548228,5422.84551862422,8144.21662157893,7938.38843290407,5651.74277518854,5545.42413800333,0.996530302539582
"269",0.897969639,0.003131945,9513.56135848834,5601.27922560201,10124.054887065,9918.22669839012,5980.11616631402,5873.79752912881,0.996954876640252
"270",0.897969639,0.003468033,11262.1554416543,6193.23622340634,11142.1618540668,10936.333665392,5856.05578884295,5749.73715165774,0.99849527977879
"271",0.897969639,0.003840187,12160.4266608218,6424.10531414731,12858.4767556256,12652.6485669507,6971.2733969215,6864.95475973629,0.996685061569574
"272",0.897969639,0.004252276,12889.5236138238,6688.59573292161,13514.3606599215,13308.5324712466,7095.8945483364,6989.57591115119,0.997205933233084
"273",0.897969639,0.004708587,13616.3055380647,6980.24831498669,14081.0852616713,13875.2570729964,7039.50316096592,6933.18452378071,0.996739088839361
"274",0.897969639,0.01,14440.200864862,7344.72731704918,15072.455033804,14866.6268451291,7762.61940465543,7656.30076747022,0.997311252121645
"275",0.897969639,0.05,14731.8371299385,7216.94738404336,15200.9738193255,14995.1456306507,7595.25879216822,7488.940154983,0.997096352254905
"276",1.198645662,0,306.098835601565,146.371588107421,512.844973020304,307.016784345437,181.873113099254,75.5544759140431,0.810770349104898
"277",1.198645662,0.000553655,304.627415867154,146.240444854147,522.532542136824,316.704353461958,183.587214728888,77.268577543677,0.793949613764158
"278",1.198645662,0.000613067,304.913504902684,145.743208186067,528.00689699231,322.178708317444,187.374857753968,81.056220568757,0.789180037777292
"279",1.198645662,0.000678856,309.44296173357,146.746889470502,520.216120905784,314.387932230918,184.77098503685,78.4523478516392,0.809058740088283
"280",1.198645662,0.000751703,312.896133422287,153.140537390918,525.865358564092,320.037169889226,185.719150185351,79.4005130001405,0.807384705125664
"281",1.198645662,0.000832368,315.392869440654,151.174009701584,533.158382612912,327.330193938046,191.591999566843,85.2733623816327,0.80470720759327
"282",1.198645662,0.00092169,313.528669110319,152.631556237524,531.958108232575,326.129919557709,188.861802246638,82.5431650614274,0.800767852876997
"283",1.198645662,0.001020596,323.544415466096,168.647664302668,546.562441297741,340.734252622875,204.521215496266,98.2025783110551,0.809344998425906
"284",1.198645662,0.001130116,335.119149666291,183.695893180879,565.941981557466,360.1137928826,226.42733271135,120.10869552614,0.812175230344319
"285",1.198645662,0.001251388,340.414566980276,181.224863301945,578.400789298159,372.572600623292,248.933772160789,142.615134975578,0.817917831654094
"286",1.198645662,0.001385674,388.223761531904,319.127935113147,609.045848609424,403.217659934558,352.352891402159,246.034254216948,0.852843249389542
"287",1.198645662,0.001534371,461.832936604823,561.820681549303,708.009582904294,502.181394229427,691.026528778143,584.707891592932,0.869093610652985
"288",1.198645662,0.001699024,519.762333148808,704.388578135863,802.156494836112,596.328306161245,904.925304364347,798.606667179137,0.873510625039893
"289",1.198645662,0.001881345,1322.73649548874,2224.18548833955,2213.52209841275,2007.69390973788,3087.2816323264,2980.96299514119,0.924472204778891
"290",1.198645662,0.002083232,2694.72905637014,3389.4649671741,3891.67676076188,3685.84857208701,4198.86326314979,4092.54462596458,0.95958114990398
"291",1.198645662,0.002306783,3955.18439216274,3960.30123705027,4118.47649788664,3912.64830921177,4092.09443014256,3985.77579295735,0.990041636925582
"292",1.198645662,0.002554323,6162.91570676937,4834.78898436362,6973.09304829602,6767.26485962115,5135.6284959265,5029.30985874129,0.993691485607484
"293",1.198645662,0.002828427,7735.98866443664,5069.59997932072,8163.25534333592,7957.42715466105,5611.24743581099,5504.92879862578,0.996033187815821
"294",1.198645662,0.003131945,9389.71845884179,5450.53282709776,10128.6876478462,9922.85945917137,5857.49203215851,5751.1733949733,0.99648853742055
"295",1.198645662,0.003468033,10570.6603742734,5385.28381434489,11181.0322781201,10975.2040894452,5820.82691559407,5714.50827840886,0.996854108861602
"296",1.198645662,0.003840187,10590.3675787508,5699.05922084466,12992.012346628,12786.1841579531,7010.8693013164,6904.55066413118,0.975281457502577
"297",1.198645662,0.004252276,13195.2606032618,6503.86138316648,13680.6340709779,13474.805882303,7150.75530009721,7044.436662912,0.997343530711893
"298",1.198645662,0.004708587,13553.1575467396,6826.17879079857,14130.3890164637,13924.5608277889,6975.14446868158,6868.82583149637,0.995862685734867
"299",1.198645662,0.01,14700.1387431843,7292.87354825125,15226.537294624,15020.7091059491,7799.43390829622,7693.115271111,0.996991277468597
"300",1.198645662,0.05,14593.0044237371,6872.69723559088,15257.8451682391,15052.0169795642,7583.54081240169,7477.22217521648,0.997433029511422
"301",1.6,0,342.391021392963,161.875607379145,549.065940037015,343.237751362148,193.169121231447,86.8504840462368,0.830564288486333
"302",1.6,0.000553655,367.210207289091,674.621692288377,560.25990370187,354.431715027003,196.991690190527,90.673053005316,0.798625560168634
"303",1.6,0.000613067,343.577611242956,161.73504505363,565.292162174506,359.46397349964,200.077975214243,93.759338029032,0.816104708213023
"304",1.6,0.000678856,353.355791565141,168.922700473626,559.368221754825,353.540033079958,196.8405147355,90.521877550289,0.840832531568016
"305",1.6,0.000751703,356.796777886957,169.188387296054,562.642997162453,356.814808487587,198.852858933054,92.5342217478433,0.842942164202402
"306",1.6,0.000832368,361.46990021098,172.566360277307,571.061185451289,365.232996776422,204.781352308708,98.4627151234977,0.841330381687866
"307",1.6,0.00092169,363.249200592149,174.080591712793,567.746065727279,361.917877052412,201.601607366639,95.282970181428,0.845856811533263
"308",1.6,0.001020596,364.801898164158,177.774935387907,580.428091371985,374.599902697119,215.169097001959,108.850459816749,0.840809187296751
"309",1.6,0.001130116,361.757794307,173.720725225737,601.551365486047,395.723176811181,234.289386563428,127.970749378217,0.818913389579448
"310",1.6,0.001251388,403.769267889316,228.475681391717,613.167536272651,407.339347597784,253.872033239622,147.553396054411,0.867270324796548
"311",1.6,0.001385674,444.348654674041,331.580863414093,647.362852731995,441.534664057129,359.072994813565,252.754357628354,0.884710141141302
"312",1.6,0.001534371,514.606978385116,527.589065092177,744.819269058634,538.991080383767,692.207012358403,585.888375173192,0.898448976932702
"313",1.6,0.001699024,611.74701312509,890.912472466975,838.365894773772,632.537706098906,905.586809133571,799.26817194836,0.903274849904351
"314",1.6,0.001881345,1240.41703928798,1950.28955356005,2253.1725355029,2047.34434682803,3059.41056049605,2953.09192331084,0.923982703720728
"315",1.6,0.002083232,2218.01822187541,3076.76174949894,3907.78611031768,3701.95792164281,4155.31544884531,4048.9968116601,0.933919184478398
"316",1.6,0.002306783,2847.25366542408,3304.74570863153,4137.41593804567,3931.5877493708,4110.00965742308,4003.69102023787,0.962668400071948
"317",1.6,0.002554323,5883.22816027724,4874.06625212193,7014.5185438207,6808.69035514583,5185.95926321251,5079.6406260273,0.988052933754588
"318",1.6,0.002828427,7655.44105619341,5168.13482824375,8225.20185356672,8019.37366489185,5590.69849171715,5484.37985453194,0.995402527464728
"319",1.6,0.003131945,9424.13298366815,5501.74740615217,10246.5185508232,10040.6903621483,6019.52897661862,5913.21033943341,0.995982479711173
"320",1.6,0.003468033,11266.6130318664,5992.86245360839,11254.3609374199,11048.532748745,5845.05234687436,5738.73370968915,0.99789131105258
"321",1.6,0.003840187,9450.79588466818,5887.86530841869,12996.0099841683,12790.1817954934,6968.55987136965,6862.24123418444,0.935115812149898
"322",1.6,0.004252276,13285.145231047,6785.64164112975,13664.4671044766,13458.6389158017,7121.21283896174,7014.89420177653,0.997198310820176
"323",1.6,0.004708587,14251.088262824,7327.73902823111,14123.3286221135,13917.5004334387,6992.15019801869,6885.83156083348,0.996925589028408
"324",1.6,0.01,15123.2600051129,7686.38198996983,15195.0254730237,14989.1972843488,7676.33841442988,7570.01977724467,0.997585966684109
"325",1.6,0.05,15281.2855006579,7498.46063913619,15293.3912597017,15087.5630710268,7585.13911438031,7478.8204771951,0.998275316143794
"326",2.135743767,0,464.02680858297,206.64886848653,668.232391021662,462.404202346795,231.287323925807,124.968686740596,0.887583622689964
"327",2.135743767,0.000553655,477.222528695031,212.163699181454,680.592752791204,474.764564116337,234.296258803021,127.97762161781,0.890898171835927
"328",2.135743767,0.000613067,482.979536171056,212.054376911364,685.212705795448,479.384517120581,236.970126158636,130.651488973426,0.894616942649836
"329",2.135743767,0.000678856,485.826578537673,213.032650127773,678.506752376261,472.678563701395,235.018142483867,128.699505298656,0.903135414314421
"330",2.135743767,0.000751703,482.362665009815,212.787056679796,684.118746951066,478.290558276199,235.91029489366,129.59165770845,0.894799548762865
"331",2.135743767,0.000832368,489.404244434219,217.984877532568,691.611904874034,485.783716199168,240.522981437217,134.204344252006,0.896458666467822
"332",2.135743767,0.00092169,503.274495283092,219.296441841152,688.806172472184,482.977983797317,238.367784381791,132.049147196581,0.911417173926251
"333",2.135743767,0.001020596,491.471268179355,219.425307281235,702.249927496323,496.421738821456,247.679410980988,141.360773795778,0.891773916742418
"334",2.135743767,0.001130116,511.364935138747,237.318057139238,723.217197423837,517.38900874897,268.105304574893,161.786667389683,0.897817167405444
"335",2.135743767,0.001251388,532.447046956755,251.940733496591,736.998564599566,531.170375924699,289.896881926661,183.578244741451,0.912047257623102
"336",2.135743767,0.001385674,559.837955309425,309.684046173017,770.231815364622,564.403626689756,388.64890240122,282.330265216009,0.918647418856678
"337",2.135743767,0.001534371,624.949965576671,489.104256112613,864.930699798475,659.102511123609,682.092133023336,575.773495838126,0.92505939553289
"338",2.135743767,0.001699024,792.606916237528,852.478029644272,953.316248936983,747.488060262116,904.783696628285,798.465059443074,0.950903520230383
"339",2.135743767,0.001881345,1117.58074683913,1637.19898967435,2396.8166367555,2190.98844808063,3093.1601397278,2986.84150254259,0.909264007016967
"340",2.135743767,0.002083232,1832.78546060936,2393.16382359431,4020.89624931161,3815.06806063674,4146.25703854937,4039.93840136416,0.910409503382169
"341",2.135743767,0.002306783,2612.49717431557,3106.13864101897,4288.5261746376,4082.69798596273,4158.69681812234,4052.37818093713,0.951867214682849
"342",2.135743767,0.002554323,5651.46161488283,4519.49338627405,7093.10696031107,6887.2787716362,5116.64471135776,5010.32607417255,0.984433299253665
"343",2.135743767,0.002828427,7519.33219963849,5093.96638735543,8336.11601871669,8130.28783004182,5572.57222835168,5466.25359116647,0.995017307957008
"344",2.135743767,0.003131945,9132.21484102816,5040.25627074493,10337.3051655655,10131.4769768906,5953.04668408079,5846.72804689558,0.993131432230535
"345",2.135743767,0.003468033,10226.3087960989,5248.89298115212,11306.1010621886,11100.2728735138,5767.14887353962,5660.8302363544,0.99247868467957
"346",2.135743767,0.003840187,11572.0816006681,5791.8748024114,13105.0228270517,12899.1946383769,6969.23821144709,6862.91957426188,0.990712303989946
"347",2.135743767,0.004252276,12837.388182392,6219.54546497405,13843.6245164074,13637.7963277325,7128.29342399175,7021.97478680654,0.994661741397294
"348",2.135743767,0.004708587,13427.5176703381,6614.17795320945,14311.5791764418,14105.7509877669,7061.62804781931,6955.3094106341,0.993831722585076
"349",2.135743767,0.01,13566.840088202,6153.53174479915,15359.8566955531,15154.0285068783,7719.4947268159,7613.17608963069,0.989742292461384
"350",2.135743767,0.05,14395.1301243659,6451.49675299148,15426.6418928597,15220.8137041848,7572.15970589484,7465.84106870963,0.995340713906382
"351",2.850875898,0,697.410789110422,268.88914567213,902.083799900456,696.25561122559,288.294346207865,181.975709022654,0.931754140411146
"352",2.850875898,0.000553655,677.648360079694,265.482359137062,912.831006737214,707.002818062348,289.809632102812,183.490994917602,0.911494805834566
"353",2.850875898,0.000613067,704.658118330525,271.9260659851,917.697004046603,711.868815371737,292.460559872828,186.141922687617,0.928088886181459
"354",2.850875898,0.000678856,702.643713838815,263.89764545457,911.718771414102,705.890582739236,291.815493891944,185.496856706733,0.930341521004336
"355",2.850875898,0.000751703,706.619238826923,268.857000342812,915.975115294632,710.146926619766,291.043614351474,184.724977166263,0.930409200993862
"356",2.850875898,0.000832368,714.239167272185,269.504276938263,924.985573609408,719.157384934541,296.497142508952,190.178505323741,0.930884131520443
"357",2.850875898,0.00092169,702.655714037427,271.808903636913,922.547351092503,716.719162417637,292.680378801093,186.361741615882,0.923323523478149
"358",2.850875898,0.001020596,719.046948339133,277.694197350209,934.237659419393,728.409470744527,303.151047498722,196.832410313512,0.929379712238631
"359",2.850875898,0.001130116,733.22919881663,277.266042680337,955.478289421807,749.65010074694,317.48554541643,211.166908231219,0.929035789509049
"360",2.850875898,0.001251388,754.258003431605,304.860689376675,967.90877384066,762.080585165793,333.965166546572,227.646529361362,0.936016859270312
"361",2.850875898,0.001385674,790.055061813257,386.066979532855,1002.21932580178,796.391137126909,427.830689562562,321.512052377351,0.944704905124896
"362",2.850875898,0.001534371,856.89904551663,606.149894243903,1103.83074569176,898.002557016892,734.8420703184,628.52343313319,0.944086518264744
"363",2.850875898,0.001699024,971.919356902501,900.171585864664,1194.80187036346,988.973681688593,946.120758754751,839.80212156954,0.956416063284689
"364",2.850875898,0.001881345,1265.44410784596,1484.23378959812,2602.11881057392,2396.29062189905,3080.33089951171,2974.0122623265,0.908715309319333
"365",2.850875898,0.002083232,2254.55865521899,2853.31631774908,4264.17172446951,4058.34353579464,4179.16701993514,4072.84838274993,0.925298814834402
"366",2.850875898,0.002306783,3644.64814963791,3802.25089309669,4540.01020145859,4334.18201278372,4191.6892057967,4085.37056861149,0.983982024180463
"367",2.850875898,0.002554323,4633.84528827861,3978.28874422994,7355.84127390337,7150.0130852285,5163.24694298877,5056.92830580356,0.944567426550308
"368",2.850875898,0.002828427,6248.2051895151,4416.66463808052,8584.87301935074,8379.04483067587,5638.23327141949,5531.91463423427,0.966227894719799
"369",2.850875898,0.003131945,9912.97480528391,5734.11186537002,10535.214955046,10329.3867663711,5936.50307679755,5830.18443961234,0.995978938375812
"370",2.850875898,0.003468033,11105.3846332893,6081.77058380015,11582.7423186137,11376.9141299389,5804.38490467077,5698.06626748556,0.994462215028058
"371",2.850875898,0.003840187,12650.6325119764,6786.93399048435,13362.5000268287,13156.6718381538,7009.05182653669,6902.73318935148,0.995894897601453
"372",2.850875898,0.004252276,14111.2760199253,7109.73132676446,14110.3869354543,13904.5587467794,7208.00447510669,7101.68583792148,0.998069836446684
"373",2.850875898,0.004708587,15413.2200612715,7675.69659019887,14538.3782294461,14332.5500407712,7085.59242383698,6979.27378665177,0.994533350224679
"374",2.850875898,0.01,15848.8921496361,7823.3687829445,15475.8363487648,15270.0081600899,7623.79258434687,7517.47394716166,0.997680289182416
"375",2.850875898,0.05,15878.3589606298,7538.03704963374,15568.0702402373,15362.2420515624,7528.53569496062,7422.21705777541,0.997868531868244
"376",3.805462768,0,819.344493630874,288.259201276058,1025.01607777681,819.187889101947,307.601690506205,201.283053320994,0.940262959370116
"377",3.805462768,0.000553655,792.912391647425,283.493648731392,1035.51488744106,829.68669876619,308.09304139872,201.774404213509,0.915760034480071
"378",3.805462768,0.000613067,793.805750898355,278.613828305003,1040.90745154481,835.079262869947,311.089844730123,204.771207544912,0.914642362807129
"379",3.805462768,0.000678856,815.472606487385,286.590704486827,1033.91354258928,828.085353914416,309.095323324539,202.776686139328,0.932697078948928
"380",3.805462768,0.000751703,818.585406995349,291.358547386616,1038.66056596779,832.832377292919,310.07531764147,203.756680456259,0.932744142838657
"381",3.805462768,0.000832368,834.014874619464,294.601365022458,1047.27623488769,841.448046212819,312.914025001592,206.595387816382,0.937609578461117
"382",3.805462768,0.00092169,835.221133718607,295.101630185095,1044.87252494746,839.044336272589,312.633347924978,206.314710739768,0.93882742384254
"383",3.805462768,0.001020596,802.599109991786,287.286642704147,1057.55293728177,851.724748606901,320.806458911354,214.487821726144,0.913859419772189
"384",3.805462768,0.001130116,838.840205434375,292.276499452576,1078.19023308269,872.362044407827,336.284881691632,229.966244506421,0.927737914104876
"385",3.805462768,0.001251388,868.551034054875,310.624767764478,1092.79703950737,886.968850832506,352.726886981603,246.408249796392,0.939381855277026
"386",3.805462768,0.001385674,904.393935877796,355.484148051634,1122.56036337961,916.73217470474,424.26876727363,317.950130088419,0.948942017435069
"387",3.805462768,0.001534371,952.424147736477,486.913479752885,1215.55975819434,1009.73156951948,703.872844994791,597.55420780958,0.945521096919515
"388",3.805462768,0.001699024,970.167135095956,523.354468884028,1316.2072614667,1110.37907279184,955.743609014934,849.424971829723,0.938770342621126
"389",3.805462768,0.001881345,1304.43685299079,1316.95807835614,2728.74597368326,2522.91778500839,3086.36419396273,2980.04555677752,0.898437747596658
"390",3.805462768,0.002083232,1612.30764241908,1980.51607553557,4392.6959963886,4186.86780771374,4151.52835684533,4045.20971966012,0.82867004097006
"391",3.805462768,0.002306783,3587.6881474028,3809.82633205368,4633.99437307095,4428.16618439608,4145.45331379966,4039.13467661445,0.977724967056313
"392",3.805462768,0.002554323,4656.60870949256,3842.61980958514,7503.85006736481,7298.02187868994,5169.75487138149,5063.43623419628,0.940119521905574
"393",3.805462768,0.002828427,7677.62244790128,5178.26053159527,8680.2293708827,8474.40118220784,5565.33281933889,5459.01418215367,0.990308386973614
"394",3.805462768,0.003131945,8869.9666154017,5559.45247951976,10655.9919583957,10450.1637697209,5956.21001794684,5849.89138076163,0.978722704400273
"395",3.805462768,0.003468033,10911.2914388846,5330.34307887503,11714.8611452316,11509.0329565568,5874.00580274412,5767.68716555891,0.996399227011441
"396",3.805462768,0.003840187,13145.2897693393,6633.94500720415,13442.2066502668,13236.378461592,7042.92145438002,6936.60281719481,0.998264669444853
"397",3.805462768,0.004252276,14232.9584196312,7100.82973734962,14166.4326544716,13960.6044657968,7081.40794458307,6975.08930739786,0.998351692646581
"398",3.805462768,0.004708587,15254.7205130432,7337.84185558577,14670.255289151,14464.4271004761,7036.67834863256,6930.35971144735,0.996798482463668
"399",3.805462768,0.01,15521.5616821366,7290.46199701933,15701.6376504495,15495.8094617747,7712.06404534956,7605.74540816435,0.997960668496178
"400",3.805462768,0.05,14849.5891480586,6660.13413575411,15779.9366789517,15574.1084902769,7567.4633208002,7461.14468361499,0.995434076683305
"401",5.079683366,0,1145.33318541927,336.706915564981,1351.02828850712,1145.20009983226,351.142250558398,244.823613373188,0.952709689860494
"402",5.079683366,0.000553655,1157.36456129841,343.692614214081,1361.54130924011,1155.71312056524,352.736233713812,246.417596528602,0.954320662135011
"403",5.079683366,0.000613067,1150.67876494107,337.521262161164,1366.8064465276,1160.97825785273,354.808265487985,248.489628302775,0.949621084502221
"404",5.079683366,0.000678856,1173.68463907844,344.977726760105,1359.6544568537,1153.82626817884,352.759808041411,246.441170856201,0.961772555879681
"405",5.079683366,0.000751703,1175.14979557002,340.562319849832,1364.53916142936,1158.7109727545,353.370976128407,247.052338943196,0.960544209120474
"406",5.079683366,0.000832368,1186.68246662352,402.551431927287,1371.90117231057,1166.0729836357,357.192840893699,250.874203708489,0.960833921583183
"407",5.079683366,0.00092169,1189.91453353138,356.416871058767,1370.64029215684,1164.81210348197,355.630005363611,249.3113681784,0.96214472152439
"408",5.079683366,0.001020596,1175.05342737165,338.900509640673,1384.14981028512,1178.32162161026,364.511689243982,258.193052058771,0.954732614042105
"409",5.079683366,0.001130116,1209.06541506875,351.675811778063,1405.35452781741,1199.52633914254,377.084756354188,270.766119168978,0.960822747107934
"410",5.079683366,0.001251388,1218.6154726511,380.832622635403,1415.81990840447,1209.9917197296,389.25484426934,282.936207084129,0.960369557930273
"411",5.079683366,0.001385674,1254.60984537497,412.968668385457,1447.17294840885,1241.34475973399,459.808817635239,353.490180450028,0.966073573624692
"412",5.079683366,0.001534371,1325.54036134315,677.19839586017,1539.29367473549,1333.46548606062,710.427514568261,604.10887738305,0.960054620941632
"413",5.079683366,0.001699024,1544.24367844373,1269.96184221723,1642.85485850941,1437.02666983454,971.897714213118,865.579077027908,0.975412381630525
"414",5.079683366,0.001881345,1889.79519234839,1857.55963357963,3039.70869715874,2833.88050848387,3015.27643159989,2908.95779441468,0.939527224990314
"415",5.079683366,0.002083232,2529.08046794431,2736.31408270025,4670.8682219656,4465.04003329074,4145.8062177601,4039.48758057489,0.91570706787319
"416",5.079683366,0.002306783,4069.67637650717,3825.67981781715,4996.45253845991,4790.62434978505,4190.67595510249,4084.35731791727,0.981995872131509
"417",5.079683366,0.002554323,6498.72387174999,4747.63601514309,7843.85505344623,7638.02686477136,5225.58810908498,5119.26947189977,0.985472568219803
"418",5.079683366,0.002828427,8282.87958683754,5341.03974795422,9021.24122170837,8815.4130330335,5542.89863832454,5436.58000113933,0.994698164099312
"419",5.079683366,0.003131945,10621.9742880957,5734.12527114581,11053.7647483795,10847.9365597046,5963.97117032438,5857.65253313917,0.997808491663784
"420",5.079683366,0.003468033,12149.686276229,6178.66731005335,12066.9746101386,11861.1464214637,5843.31426781486,5736.99563062965,0.998220503419711
"421",5.079683366,0.003840187,13412.7431582317,6758.28292950364,13746.3642965954,13540.5361079205,7007.78791899644,6901.46928181123,0.997773063858779
"422",5.079683366,0.004252276,14467.2548371967,7028.97349601922,14474.9438859889,14269.115697314,7114.86392305268,7008.54528586747,0.997586691401701
"423",5.079683366,0.004708587,15040.2232790873,7564.8647418277,15029.4379804555,14823.6097917806,7059.99008257943,6953.67144539422,0.995682749814397
"424",5.079683366,0.01,16026.7890303157,7240.27139093905,16025.6111942736,15819.7830055988,7715.32876106253,7609.01012387732,0.997996058345804
"425",5.079683366,0.05,16463.8314391407,7553.47812126292,16149.3668698622,15943.5386811873,7644.59725220567,7538.27861502046,0.997373712647891
"426",6.780563804,0,1581.56557734523,419.966854861122,1788.90655009347,1583.07836141861,430.557878783265,324.239241598054,0.962857593917792
"427",6.780563804,0.000553655,1587.17547726121,414.745661072138,1799.15269798677,1593.3245093119,432.105327913405,325.786690728195,0.961853110064113
"428",6.780563804,0.000613067,1583.16102761251,435.353783731808,1803.82953575504,1598.00134708017,433.609248575256,327.290611390046,0.958035336462664
"429",6.780563804,0.000678856,1596.13201553099,431.559039485253,1798.57971666061,1592.75152798575,431.27793482384,324.959297638629,0.963805062741114
"430",6.780563804,0.000751703,1603.56362985345,446.703323978824,1802.98690051599,1597.15871184112,432.527125138234,326.208487953024,0.963231002987901
"431",6.780563804,0.000832368,1608.09840109753,440.881170427712,1810.12549535716,1604.2973066823,435.195222151831,328.87658496662,0.964348642318994
"432",6.780563804,0.00092169,1619.32686446803,456.253615503439,1808.84366666289,1603.01547798802,434.656949556027,328.338312370816,0.966940525772423
"433",6.780563804,0.001020596,1600.84458715921,449.285730606104,1821.02532364488,1615.19713497001,439.651275629143,333.332638443932,0.958016135859009
"434",6.780563804,0.001130116,1623.64894464372,462.529195372149,1841.85021011917,1636.0220214443,452.015333618284,345.696696433074,0.960319039684126
"435",6.780563804,0.001251388,1649.37369465294,474.827490587569,1855.70903120918,1649.88084253431,464.071780088218,357.753142903008,0.96395065334881
"436",6.780563804,0.001385674,1668.75731001454,543.149248159828,1885.93781787011,1680.10962919524,526.662124983934,420.343487798723,0.961265333119251
"437",6.780563804,0.001534371,1775.27472891658,809.975019612942,1982.41188672133,1776.58369804646,773.229977954268,666.911340769058,0.965354525993491
"438",6.780563804,0.001699024,1983.35623214112,1318.37794052514,2081.4831831493,1875.65499447444,1014.69388253809,908.375245352882,0.973549009930915
"439",6.780563804,0.001881345,2390.21448538121,2004.66114497154,3485.24478682174,3279.41659814688,3086.53396494189,2980.21532775668,0.94679831878695
"440",6.780563804,0.002083232,3390.35330317697,2986.3584519542,5099.11419832686,4893.28600965199,4116.61544442839,4010.29680724318,0.948309532054241
"441",6.780563804,0.002306783,4924.14745365932,4264.51411338005,5412.33059890726,5206.50241023239,4202.68180229209,4096.36316510688,0.98712387365912
"442",6.780563804,0.002554323,7670.40359779463,5411.11626961556,8210.32946439348,8004.50127571862,5148.66165747233,5042.34302028712,0.993429692669964
"443",6.780563804,0.002828427,9421.72815494334,5566.00513415792,9437.30167426951,9231.47348559464,5569.97251283883,5463.65387565362,0.998334526281804
"444",6.780563804,0.003131945,11803.1748902469,6453.65265785544,11436.8502181544,11231.0220294795,5958.07974825539,5851.76111107018,0.998050067977924
"445",6.780563804,0.003468033,13053.4600035157,6378.64227643226,12443.3653457244,12237.5371570496,5832.11772030349,5725.79908311828,0.997107267555714
"446",6.780563804,0.003840187,14310.6274229936,6893.25880673952,14224.1092827648,14018.28109409,6974.14495616056,6867.82631897535,0.997907890874659
"447",6.780563804,0.004252276,15513.2544904742,7291.83893884239,14931.2069790079,14725.3787903331,7142.08336231595,7035.76472513074,0.997193512792293
"448",6.780563804,0.004708587,16318.1057837806,7517.32814639558,15388.6799792521,15182.8517905772,7026.1670573933,6919.84842020809,0.9956171683707
"449",6.780563804,0.01,16983.0700765132,7653.84414851008,16445.3226526018,16239.4944639269,7742.41413452766,7636.09549734245,0.997319364299758
"450",6.780563804,0.05,17993.0768276218,8212.67547693413,16552.5454320835,16346.7172434086,7603.58965203084,7497.27101484563,0.993049424237678
"451",9.050966799,0,1760.19181437619,492.518820775251,1970.57200167427,1764.7438129994,501.33133786625,395.012700681039,0.968149330071478
"452",9.050966799,0.000553655,1713.50959851993,480.212449676437,1980.50751668669,1774.67932801182,502.176311797054,395.857674611843,0.951433139582189
"453",9.050966799,0.000613067,1780.29362750363,503.70909656573,1984.85294505364,1779.02475637878,504.001843399259,397.683206214049,0.969567782337528
"454",9.050966799,0.000678856,1763.95405725058,510.994284981155,1979.27331349022,1773.44512481536,501.806031121608,395.487393936397,0.965294609543138
"455",9.050966799,0.000751703,1783.45530575198,502.275118760653,1983.42748490286,1777.59929622799,502.786020268809,396.467383083598,0.971132988952096
"456",9.050966799,0.000832368,1791.78263583385,506.58583626496,1990.77903728231,1784.95084860744,505.283380728797,398.964743543586,0.970841802226811
"457",9.050966799,0.00092169,1775.30367004495,484.783471007517,1989.21057231105,1783.38238363618,504.208603085158,397.889965899947,0.968994573374371
"458",9.050966799,0.001020596,1781.98118939742,524.996337603346,2000.88809588505,1795.05990721019,509.113087584552,402.794450399341,0.964687850188656
"459",9.050966799,0.001130116,1828.71062314876,542.405329775636,2023.05581349327,1817.2276248184,519.086750199379,412.768113014168,0.971744263772164
"460",9.050966799,0.001251388,1872.04227305555,604.012201058279,2035.33651021062,1829.50832153575,530.782722971784,424.464085786573,0.974969540933466
"461",9.050966799,0.001385674,1875.52251487622,678.469216045566,2068.16715865613,1862.33896998127,587.868628757034,481.549991571824,0.969848972128472
"462",9.050966799,0.001534371,2057.0595642735,940.437683471331,2166.19312138903,1960.36493271416,828.79890438429,722.48026719908,0.981734257479929
"463",9.050966799,0.001699024,2130.34665156133,1170.86465618797,2270.17254666326,2064.3443579884,1044.57233043507,938.253693249858,0.978848348811603
"464",9.050966799,0.001881345,3372.06238394693,2996.17819710898,3665.18548096336,3459.3572922885,3103.35260242015,2997.03396523494,0.985149322493218
"465",9.050966799,0.002083232,2727.37756591045,2293.31830081929,5312.26584338994,5106.43765471507,4175.98493170573,4069.66629452052,0.874543938757668
"466",9.050966799,0.002306783,6568.75449989628,4764.35806269978,5578.88589480837,5373.0577061335,4204.31838936968,4097.99975218447,0.988346611762826
"467",9.050966799,0.002554323,9042.08926608584,5678.88623971233,8408.44627850645,8202.61808983158,5201.22338890264,5094.90475171743,0.996122898400001
"468",9.050966799,0.002828427,9746.88121788085,5580.93409297338,9640.38949033875,9434.56130166389,5551.68320786897,5445.36457068376,0.998238492104187
"469",9.050966799,0.003131945,12577.1638942655,6170.75552076761,11622.1848453938,11416.3566567189,5986.49441472808,5880.17577754287,0.994113286119281
"470",9.050966799,0.003468033,14935.2273537758,7307.80439825009,12675.1021063286,12469.2739176537,5908.77768623052,5802.45904904531,0.981739810024582
"471",9.050966799,0.003840187,14724.8551802471,6610.77208804348,14449.7541268638,14243.925938189,7100.87435056076,6994.55571337555,0.996787668271637
"472",9.050966799,0.004252276,16409.9441030942,7548.26326671694,15126.0437559918,14920.2155673169,7140.21174506685,7033.89310788163,0.992831600876545
"473",9.050966799,0.004708587,16684.2852459331,7502.79620521277,15544.4191759374,15338.5909872625,6993.44083311117,6887.12219592596,0.994300332916205
"474",9.050966799,0.01,18010.1040040997,8052.45977954983,16681.6715909917,16475.8434023169,7717.95767443908,7611.63903725387,0.993330013395123
"475",9.050966799,0.05,17856.0965770517,7801.48118685295,16749.313813507,16543.4856248321,7622.44311098882,7516.12447380361,0.994243675736053
"476",12.0815912,0,2045.13443309433,569.263467153849,2256.4583922023,2050.63020352744,582.400615789641,476.08197860443,0.975804415714095
"477",12.0815912,0.000553655,2105.58139148493,605.750248866951,2265.50036081226,2059.67217213739,583.01475157911,476.6961143939,0.983175284397133
"478",12.0815912,0.000613067,2142.41937150609,617.710454700646,2271.1032018475,2065.27501317263,583.071552509972,476.752915324762,0.986730940373766
"479",12.0815912,0.000678856,2100.90641413236,626.265959566005,2264.66524763596,2058.83705896109,583.13363640423,476.81499921902,0.981145549362106
"480",12.0815912,0.000751703,2150.14463466751,644.796724211917,2269.86989726647,2064.04170859161,584.966652651195,478.648015465985,0.986827577565487
"481",12.0815912,0.000832368,2106.32145446922,654.696543324338,2276.73344150739,2070.90525283252,585.781451834618,479.462814649407,0.977032051812182
"482",12.0815912,0.00092169,2079.71552715545,610.753713639204,2274.79210628892,2068.96391761406,584.808714774106,478.490077588895,0.976847449075392
"483",12.0815912,0.001020596,2148.21401787304,572.719651819632,2287.48629303502,2081.65810436016,587.422577613562,481.103940428351,0.990140263847378
"484",12.0815912,0.001130116,2165.58509187885,659.234255783607,2308.6927930957,2102.86460442083,596.977970561774,490.659333376563,0.985229029536844
"485",12.0815912,0.001251388,2192.52738311972,721.459666042969,2321.30773115555,2115.47954248068,604.804990598612,498.486353413401,0.982575260654124
"486",12.0815912,0.001385674,2251.15984692747,873.047265453728,2353.28256871455,2147.45438003968,657.023547534116,550.704910348905,0.983225034943307
"487",12.0815912,0.001534371,2360.1686110068,1079.06225468633,2449.27948225874,2243.45129358387,877.474156252398,771.155519067187,0.984049089872909
"488",12.0815912,0.001699024,2414.76047438621,1149.11627045925,2543.81174217609,2337.98355350123,1050.87106845606,944.552431270845,0.984628337132447
"489",12.0815912,0.001881345,4480.66032417997,3668.70360616979,3947.94158235774,3742.11339368287,3088.63830808784,2982.31967090263,0.992961632061268
"490",12.0815912,0.002083232,6776.71372018809,4768.17553022987,5627.52407804531,5421.69588937044,4191.45401030118,4085.13537311597,0.987500548146927
"491",12.0815912,0.002306783,8369.69666431773,5510.57452504457,5891.0189327141,5685.19074403924,4216.86280923002,4110.54417204481,0.958725413273254
"492",12.0815912,0.002554323,10446.0478042295,5943.04534305952,8672.78446334199,8466.95627466713,5137.28757686348,5030.96893967827,0.983962489806005
"493",12.0815912,0.002828427,12211.6726991321,6483.98205276131,9883.20158992147,9677.37340124661,5551.47532952078,5445.15669233557,0.974273454471608
"494",12.0815912,0.003131945,14757.5487333888,7190.40277310064,11903.8256968749,11697.9975082,5980.44756891488,5874.12893172967,0.968569809396077
"495",12.0815912,0.003468033,15020.8960181466,7055.0036487765,12943.1621913363,12737.3340026614,5870.73173705559,5764.41309987038,0.984581513496826
"496",12.0815912,0.003840187,16203.6403835477,7787.61353096244,14722.3814986078,14516.553309933,7080.45942371881,6974.1407865336,0.993064030258367
"497",12.0815912,0.004252276,17372.0627144149,8084.89308864091,15396.0160763371,15190.1878876622,7153.83621179725,7047.51757461204,0.987390215532766
"498",12.0815912,0.004708587,18388.5686038124,8412.14795952026,15894.565143362,15688.7369546871,7069.63678109364,6963.31814390843,0.98435069138423
"499",12.0815912,0.01,19645.7259603604,8949.87905163899,16936.1287892791,16730.3006006043,7769.13443302105,7662.81579583584,0.982652293354093
"500",12.0815912,0.05,20725.0256458408,9134.12585558536,17016.8516317695,16811.0234430946,7563.85284748767,7457.53421030246,0.969760493218794
"501",16.12698944,0,2300.29680777244,700.193780796731,2505.40777399293,2299.57958531806,704.505015495956,598.186378310746,0.979499919591993
"502",16.12698944,0.000553655,2328.70965288653,708.079986617828,2516.09976835228,2310.27157967741,706.145879867638,599.827242682428,0.982477870145011
"503",16.12698944,0.000613067,2318.81373878497,718.560984055396,2520.65271647979,2314.82452780492,706.74937805892,600.430740873709,0.980575088205066
"504",16.12698944,0.000678856,2374.28644774026,753.902464439104,2513.97896093159,2308.15077225672,704.933264477563,598.614627292352,0.98755810283636
"505",16.12698944,0.000751703,2357.65411170509,703.753723963657,2518.17914092969,2312.35095225482,705.64114966531,599.322512480099,0.986107213426215
"506",16.12698944,0.000832368,2361.13232970047,755.907905618299,2526.55596561772,2320.72777694285,706.867790879364,600.549153694154,0.982661000936605
"507",16.12698944,0.00092169,2347.38974956142,723.61025747644,2523.32335477082,2317.49516609595,707.716574014054,601.397936828843,0.984140747678422
"508",16.12698944,0.001020596,2346.73088076573,742.745843719174,2538.13240561818,2332.30421694331,712.416201749054,606.097564563843,0.98078397540019
"509",16.12698944,0.001130116,2360.04656772785,763.225260563496,2558.52091269609,2352.69272402123,717.701846132328,611.383208947117,0.976791633178752
"510",16.12698944,0.001251388,2418.70210287146,837.256223397437,2570.17928757139,2364.35109889653,724.633135770815,618.314498585604,0.980643257146726
"511",16.12698944,0.001385674,2449.09840125373,856.726655954213,2605.44100036706,2399.61281169219,773.436263550591,667.11762636538,0.983192855197349
"512",16.12698944,0.001534371,2612.35678082578,1281.24100818749,2702.69457920589,2496.86639053103,969.769255675615,863.450618490405,0.981376522041213
"513",16.12698944,0.001699024,2768.31023799745,1445.44226374653,2798.63864798352,2592.81045930866,1150.4945176612,1044.17588047599,0.986972798543488
"514",16.12698944,0.001881345,3222.54998835191,2335.35663323137,4198.81119451184,3992.98300583697,3120.66461533026,3014.34597814505,0.965866372975752
"515",16.12698944,0.002083232,3628.14510517648,2847.40040030598,5849.57726284086,5643.749074166,4219.36294917683,4113.04431199162,0.918981903553362
"516",16.12698944,0.002306783,5906.29719180506,4569.03985713937,6134.6969241186,5928.86873544373,4236.47166545747,4130.15302827226,0.990218018787521
"517",16.12698944,0.002554323,8666.75324418887,5536.03355292805,8955.7676353677,8749.93944669284,5248.4859240892,5142.16728690399,0.995723991343322
"518",16.12698944,0.002828427,9741.8039727081,5856.50786734608,10172.1099763314,9966.28178765655,5646.41978525504,5540.10114806983,0.993236231873514
"519",16.12698944,0.003131945,12640.7271751454,6619.42915054823,12157.6601015013,11951.8319128264,5970.46221918246,5864.14358199725,0.997349565173422
"520",16.12698944,0.003468033,14008.9946526077,6659.70018945107,13208.3286304469,13002.500441772,5898.06750905814,5791.74887187293,0.994725035474364
"521",16.12698944,0.003840187,13109.6604944696,6709.65820910502,15005.5144822957,14799.6862936208,7090.73345762348,6984.41482043827,0.978014366091323
"522",16.12698944,0.004252276,16495.5937864119,7631.63965736326,15603.8682378154,15398.0400491405,7121.78624702924,7015.46760984403,0.996307382833995
"523",16.12698944,0.004708587,17517.9715118443,7837.16871838739,16158.287678924,15952.4594902491,7079.97435657137,6973.65571938616,0.991868230133815
"524",16.12698944,0.01,18169.3163275204,8122.90228454576,17085.589478141,16879.7612894662,7711.14538211899,7604.82674493377,0.994077099151076
"525",16.12698944,0.05,19287.9410838511,8489.11403338236,17203.6870483443,16997.8588596694,7557.52894405243,7451.21030686722,0.986797953237503
"526",21.52694823,0,2438.18955732989,802.011360927223,2645.89762715406,2440.0694384792,806.55003563547,700.231398450259,0.982730763093189
"527",21.52694823,0.000553655,2395.57138325591,767.128624920647,2655.91255263221,2450.08436395734,806.943689519796,700.625052334585,0.977920745410451
"528",21.52694823,0.000613067,2503.25889376925,808.694408615705,2660.68842451789,2454.86023584302,807.435051157377,701.116413972167,0.987689895683677
"529",21.52694823,0.000678856,2478.48136725712,834.86691180446,2655.14308847874,2449.31489980387,806.628869859831,700.31023267462,0.983846244197726
"530",21.52694823,0.000751703,2511.6610412129,833.453950468912,2659.95785447529,2454.12966580042,808.021855100525,701.703217915314,0.986944313726694
"531",21.52694823,0.000832368,2469.38847074555,804.589179081419,2666.01539782417,2460.18720914931,807.92669617172,701.608058986509,0.98454058308481
"532",21.52694823,0.00092169,2429.24654298637,758.75406586058,2664.86789182958,2459.03970315472,807.669694851348,701.351057666137,0.981931111685766
"533",21.52694823,0.001020596,2555.3220180974,866.097253033212,2677.51614498087,2471.68795630601,810.591547076325,704.272909891114,0.989380642988166
"534",21.52694823,0.001130116,2551.90130766987,894.300400543388,2698.98736482008,2493.15917614521,816.559692590668,710.241055405457,0.984344703654633
"535",21.52694823,0.001251388,2656.11113832114,975.241463823716,2710.87029111186,2505.04210243699,823.637868723629,717.319231538419,0.990077333186929
"536",21.52694823,0.001385674,2722.09441990105,1121.58429859265,2743.60179179827,2537.7736031234,865.076532783963,758.757895598752,0.990192041980662
"537",21.52694823,0.001534371,2667.68234552401,1034.28001879347,2840.9126487587,2635.08446008383,1037.21025718074,930.891619995527,0.98617998725825
"538",21.52694823,0.001699024,2807.01222266564,1336.59377088478,2940.32930521029,2734.50111653543,1204.49130175535,1098.17266457014,0.985975522266599
"539",21.52694823,0.001881345,4515.75849882718,3470.44499819085,4337.74834192332,4131.92015324845,3142.72108891046,3036.40245172525,0.991295228050422
"540",21.52694823,0.002083232,3235.33404394702,1933.74410737974,5984.98100609072,5779.15281741586,4226.34566264311,4120.0270254579,0.877522690271516
"541",21.52694823,0.002306783,8025.7454721641,5406.48560985973,6290.25407236363,6084.42588368876,4252.10137771919,4145.78274053398,0.978671279709861
"542",21.52694823,0.002554323,10954.7197404476,6298.54262264595,9095.28053891619,8889.45235024132,5260.23780690269,5153.91916971748,0.982928649459954
"543",21.52694823,0.002828427,8710.34722815056,5563.09391020425,10334.2827970919,10128.454608417,5629.00015519738,5522.68151801217,0.974245269391471
"544",21.52694823,0.003131945,13290.5321302379,6508.27500814566,12294.1033766613,12088.2751879865,5951.49607506908,5845.17743788387,0.994677139530322
"545",21.52694823,0.003468033,15108.352323787,6720.70746260386,13318.9880344909,13113.1598458161,5846.57586785572,5740.25723067051,0.986585731426237
"546",21.52694823,0.003840187,15460.6857863423,7359.57237841296,15093.5439405947,14887.7157519199,7029.30668124193,6922.98804405672,0.995952496175175
"547",21.52694823,0.004252276,18088.1372007113,8148.69611103001,15806.8860201237,15601.0578314488,7202.14525076256,7095.82661357735,0.984147756925414
"548",21.52694823,0.004708587,19455.8406912992,8962.76250039145,16221.2457103021,16015.4175216272,7064.06013541664,6957.74149823143,0.974709205080895
"549",21.52694823,0.01,19126.6292976288,8557.84731446738,17302.4902303729,17096.662041698,7793.69866744077,7687.38003025556,0.990183159026398
"550",21.52694823,0.05,19327.9021012488,8470.11995987098,17383.7178862889,17177.8896976141,7595.23080418991,7488.9121670047,0.988888869388609
"551",28.73502844,0,2596.97700577658,889.527727650784,2804.82535267407,2598.9971639992,902.443037915009,796.124400729798,0.985283977331854
"552",28.73502844,0.000553655,2633.45122540866,935.600292508362,2815.28769792698,2609.45950925211,901.963068290987,795.644431105777,0.986740693566201
"553",28.73502844,0.000613067,2621.80170292972,861.830266943496,2819.69528064383,2613.86709196896,902.286802659776,795.968165474565,0.986843511869618
"554",28.73502844,0.000678856,2630.03243948347,916.20374473772,2814.53718575111,2608.70899707624,901.647249106834,795.328611921624,0.986569745547651
"555",28.73502844,0.000751703,2644.86819352347,907.869450698671,2819.4852215017,2613.65703282684,903.239496098995,796.920858913784,0.987643918615884
"556",28.73502844,0.000832368,2662.4030877455,955.410432413473,2827.35380705352,2621.52561837865,904.765547529979,798.446910344768,0.986958581546856
"557",28.73502844,0.00092169,2693.73370843804,929.805340217408,2825.00634769514,2619.17815902027,904.006078819622,797.687441634411,0.991105279819555
"558",28.73502844,0.001020596,2691.74057393176,911.328038421072,2837.41170853523,2631.58351986036,904.981948532049,798.663311346839,0.990009070535512
"559",28.73502844,0.001130116,2737.92133568817,982.176070836629,2859.35655820059,2653.52836952573,912.397503427561,806.07886624235,0.989631496132752
"560",28.73502844,0.001251388,2703.38538474938,944.40552437731,2871.49444387478,2665.66625519991,917.856000705769,811.537363520559,0.987391283688645
"561",28.73502844,0.001385674,2783.89125118419,1008.79320085152,2904.57437476574,2698.74618609087,949.7641917141,843.44555452889,0.990697334964568
"562",28.73502844,0.001534371,2879.69991768439,1212.45395638946,3001.80437525886,2795.97618658399,1123.31872675466,1017.00008956945,0.988525592526786
"563",28.73502844,0.001699024,3000.5441076911,1452.12919726199,3095.95604368315,2890.12785500829,1278.98074007143,1172.66210288622,0.990635759492835
"564",28.73502844,0.001881345,3946.79701800526,2857.51341390713,4517.27346096746,4311.44527229259,3225.60085333212,3119.28221614691,0.988734966863919
"565",28.73502844,0.002083232,4159.66207004666,3046.6946317625,6145.14943075348,5939.32124207861,4236.63037934062,4130.31174215541,0.943517947031935
"566",28.73502844,0.002306783,6672.89747366045,4890.48370245764,6430.82967310527,6225.0014844304,4258.69332893751,4152.3746917523,0.993497131784853
"567",28.73502844,0.002554323,8763.51108270842,5780.94181364926,9242.8916735008,9037.06348482593,5269.33593811757,5163.01730093235,0.991547951114583
"568",28.73502844,0.002828427,10713.6648617611,6192.19992031661,10435.9089692466,10230.0807805717,5592.97868341159,5486.66004622638,0.9952641622646
"569",28.73502844,0.003131945,12681.2238290752,6562.83189658468,12464.1419594551,12258.3137707802,6011.41050818712,5905.09187100191,0.997025319858159
"570",28.73502844,0.003468033,15083.0322128576,7500.40394057504,13523.3971520453,13317.5689633704,5913.53716466138,5807.21852747617,0.989150174294801
"571",28.73502844,0.003840187,16583.8624652416,7649.93391602361,15195.4626270978,14989.6344384229,7014.91355866395,6908.59492147874,0.993625222700788
"572",28.73502844,0.004252276,17578.9462811006,8052.29557125803,15958.3059768224,15752.4777881476,7186.00437316143,7079.68573597622,0.991913696123439
"573",28.73502844,0.004708587,18729.8145628186,8555.17762193448,16368.9535667973,16163.1253781225,7034.9222690658,6928.60363188059,0.984860403179508
"574",28.73502844,0.01,18943.8075636558,8514.14799503882,17457.7322875984,17251.9040989235,7828.40395791719,7722.08532073198,0.993783249955739
"575",28.73502844,0.05,19462.1041989146,8423.53400623861,17571.6066138312,17365.7784251563,7673.1906221796,7566.87198499439,0.989767754514017
"576",38.35666117,0,2795.32004425626,989.415989511459,2991.91440399842,2786.08621532356,988.764350927959,882.445713742748,0.987622632662073
"577",38.35666117,0.000553655,2652.55837200708,908.504363409359,3001.25404291454,2795.42585423968,989.055806351489,882.737169166278,0.973258482720609
"578",38.35666117,0.000613067,2767.34356912217,970.791182844859,3005.95534760551,2800.12715893064,989.936825528463,883.618188343253,0.984166389000285
"579",38.35666117,0.000678856,2797.07970230734,1058.25928363231,3000.92284921256,2795.09466053769,988.518727367948,882.200090182737,0.983983459558096
"580",38.35666117,0.000751703,2831.39780789058,1019.91553243779,3005.09497782275,2799.26678914788,989.369747770224,883.051110585013,0.987953461423184
"581",38.35666117,0.000832368,2820.3012612608,985.62811125601,3012.99147632805,2807.16328765318,991.023135194316,884.704498009105,0.987549076946845
"582",38.35666117,0.00092169,2706.57711795008,909.500358159466,3011.13223153893,2805.30404286406,990.242972074769,883.924334889559,0.980223771035468
"583",38.35666117,0.001020596,2717.68873696453,970.540622963776,3024.00136937759,2818.17318070273,993.886971453322,887.568334268112,0.975389143333637
"584",38.35666117,0.001130116,2851.63429686163,1052.40857382051,3043.96274714007,2838.13455846521,997.70918421929,891.39054703408,0.986028654973661
"585",38.35666117,0.001251388,2831.52599402128,1055.24252611628,3058.29823629531,2852.47004762044,1003.20333554624,896.884698361025,0.98316249725834
"586",38.35666117,0.001385674,2916.52248926085,1096.14345690622,3088.5200943949,2882.69190572003,1034.6403230618,928.321685876587,0.98821430900231
"587",38.35666117,0.001534371,2993.17266496522,1234.09076065716,3184.39407671358,2978.56588803872,1179.58240201852,1073.26376483331,0.984942392678337
"588",38.35666117,0.001699024,3020.22980053346,1309.0668999561,3284.48035685404,3078.65216817917,1338.35801566283,1232.03937847762,0.984096650384863
"589",38.35666117,0.001881345,3075.70096581209,1659.48522586209,4685.04935532312,4479.22116664826,3186.49322320301,3080.17458601779,0.916947003905555
"590",38.35666117,0.002083232,4217.841533393,3065.97394467672,6340.25204583407,6134.4238571592,4260.94415865432,4154.62552146911,0.933565792326479
"591",38.35666117,0.002306783,6150.60528108954,4721.34698522071,6587.99525814172,6382.16706946685,4239.59567787838,4133.27704069317,0.984785408516747
"592",38.35666117,0.002554323,8991.6538018452,5782.1137517549,9489.22210934746,9283.39392067259,5303.66885522116,5197.35021803595,0.991953826359156
"593",38.35666117,0.002828427,10855.4499001657,6254.99920331395,10649.2454504626,10443.4172617878,5667.92621579653,5561.60757861132,0.996183464915444
"594",38.35666117,0.003131945,13186.8927947569,7020.9633258969,12630.1396079864,12424.3114193115,6091.96851220843,5985.64987502322,0.995826314140437
"595",38.35666117,0.003468033,13926.7347752618,6798.65719704077,13677.6673701676,13471.8391814927,5891.69861495933,5785.37997777412,0.994177928272322
"596",38.35666117,0.003840187,16381.7512980269,7713.68457452579,15394.6758771287,15188.8476884538,7039.2513932051,6932.93275601989,0.995206541111488
"597",38.35666117,0.004252276,17285.8948231643,7937.23792391259,16178.703563578,15972.8753749031,7220.91403563123,7114.59539844602,0.995309175000761
"598",38.35666117,0.004708587,17339.5274011331,7340.39766243115,16607.9702696397,16402.1420809649,7073.36097560329,6967.04233841808,0.995390259116884
"599",38.35666117,0.01,18907.1033134626,8463.79827935535,17644.6542872637,17438.8260985889,7790.24771236872,7683.92907518351,0.99419340660205
"600",38.35666117,0.05,19990.2527395046,8856.4310034556,17694.1244683044,17488.2962796295,7616.39513132525,7510.07649414004,0.986891740688205
"601",51.2,0,2995.79674598549,1103.39317923327,3190.81279437842,2984.98460570356,1103.51431061202,997.195673426812,0.989568702179158
"602",51.2,0.000553655,2929.04691849287,1089.61646060089,3201.76909653459,2995.94090785972,1104.79927461029,998.480637425084,0.978647841940076
"603",51.2,0.000613067,2891.86099754537,1044.59916356551,3206.25772068188,3000.42953200702,1104.86050276115,998.541865575941,0.975402276701282
"604",51.2,0.000678856,2902.86652231127,1084.6461758236,3199.89394878972,2994.06576011486,1104.78457852073,998.465941335514,0.976089312454149
"605",51.2,0.000751703,2993.88884601774,1130.34795973125,3204.56720282139,2998.73901414652,1104.03096112715,997.712323941941,0.982927409472315
"606",51.2,0.000832368,2899.32957746478,1101.73451999292,3211.77590771711,3005.94771904225,1105.02155639574,998.702919210533,0.974141801381975
"607",51.2,0.00092169,2876.29855214722,1072.54346920551,3211.04424774369,3005.21605906882,1105.44262214703,999.123984961818,0.97148800287236
"608",51.2,0.001020596,2969.13599396217,1128.00291956066,3221.8590259081,3016.03083723324,1107.5891800586,1001.27054287339,0.979206464071599
"609",51.2,0.001130116,3040.30415813694,1108.93289850164,3243.78282924375,3037.95464056889,1112.26159037057,1005.94295318536,0.986039036318084
"610",51.2,0.001251388,3016.3102240066,1170.87436807327,3256.05644612278,3050.22825744792,1115.89489952318,1009.57626233797,0.980359888913357
"611",51.2,0.001385674,3157.27387544607,1373.20851262207,3289.23056108451,3083.40237240965,1146.15302449545,1039.83438731024,0.98171722467221
"612",51.2,0.001534371,3240.14749968772,1460.19562989106,3387.46257410618,3181.63438543132,1293.05355410053,1186.73491691532,0.985447784827951
"613",51.2,0.001699024,3724.49583219441,2393.97664647039,3493.31488403531,3287.48669536044,1453.14197396373,1346.82333677852,0.984233268039874
"614",51.2,0.001881345,4854.77771610259,3732.98663761814,4895.77164041066,4689.94345173579,3231.82355450954,3125.50491732433,0.983730757313428
"615",51.2,0.002083232,5340.84836191849,4275.75412809651,6553.78517750592,6347.95698883105,4307.06330915887,4200.74467197366,0.968425346248258
"616",51.2,0.002306783,8750.38519273732,5831.00291499049,6820.36919473608,6614.54100606121,4306.03386770866,4199.71523052345,0.975003968209639
"617",51.2,0.002554323,11597.0964528213,6754.4025249721,9656.80823166253,9450.98004298767,5247.25418388667,5140.93554670145,0.985866430268034
"618",51.2,0.002828427,12661.5249178312,6831.99861335549,10842.5404145707,10636.7122258959,5614.16170447626,5507.84306729105,0.986595078162693
"619",51.2,0.003131945,14532.9214655883,7302.0267567569,12810.4171276045,12604.5889389296,5980.4819498105,5874.16331262529,0.988731194618129
"620",51.2,0.003468033,16673.92603088,8031.53325832033,13873.1358297591,13667.3076410842,5916.28626208011,5809.9676248949,0.976786076150217
"621",51.2,0.003840187,16340.1654087417,7962.61320081228,15681.049832295,15475.2216436202,7095.35579304132,6989.03715585611,0.995296783743895
"622",51.2,0.004252276,18868.1921501352,8533.81059357469,16410.1971580439,16204.3689693691,7220.50565592617,7114.18701874096,0.984695790165884
"623",51.2,0.004708587,19983.2467174546,9083.10686611711,16815.4879112776,16609.6597226027,7063.50308917964,6957.18445199443,0.976938984244762
"624",51.2,0.01,20098.6934180322,9021.12428832173,17853.8981960755,17648.0700074006,7843.28979151514,7736.97115432993,0.987068423253477
"625",51.2,0.05,20918.5236082476,9312.43390706141,17878.0057136632,17672.1775249883,7606.32517720909,7500.00654002388,0.977525742991685
